trip_id,stop_id,stop_sequence,arrival_time,departure_time,ETA,Midpoint
751381,PICBETS,1,3:40:00,4:50:00,1:10:00,0:35:00
751381,2425BET,2,3:40:42,4:50:53,1:10:11,0:35:05
751381,BETWOOE,3,3:41:24,4:51:35,1:10:11,0:35:06
751381,BETHEDE,4,3:41:16,4:52:17,1:11:01,0:35:31
751381,BETDIEE,5,3:42:00,4:53:00,1:11:00,0:35:30
751381,BETOLGE,6,3:42:26,4:53:37,1:11:11,0:35:35
751381,BETREEE,7,3:43:18,4:54:18,1:11:00,0:35:30
751381,BETPORE,8,3:43:48,4:54:58,1:11:10,0:35:35
751381,GODBETS,9,3:44:43,4:55:54,1:11:11,0:35:35
751381,GODLANSE,10,3:45:24,4:56:35,1:11:11,0:35:35
751381,GODCHEE,11,3:46:00,4:57:00,1:11:00,0:35:30
751381,KENWEYS,12,3:48:02,4:58:03,1:10:01,0:35:01
751381,KENMERS,13,3:48:30,4:58:40,1:10:10,0:35:05
751381,KENFOLS,14,3:49:21,4:59:31,1:10:10,0:35:05
751381,KENWINS,15,4:00:16,5:00:27,1:00:11,0:30:06
751381,KENPARS,16,4:01:13,5:01:14,1:00:01,0:30:01
751381,KENMCCS,17,4:01:00,5:02:00,1:01:00,0:30:30
751381,KENMILS,18,4:01:29,5:02:39,1:01:10,0:30:35
751381,KENRUES,19,4:02:33,5:03:44,1:01:11,0:30:35
751381,NORCLEE,20,4:03:18,5:04:28,1:01:10,0:30:35
751381,NORSHAE,21,4:03:42,5:04:53,1:01:11,0:30:36
751381,NORENTE,22,4:05:00,5:06:00,1:01:00,0:30:30
751381,OLEUNIS,23,4:08:04,5:08:05,1:00:01,0:30:00
751381,OLERIVS1,24,4:09:00,5:09:00,1:00:00,0:30:00
751381,OLEHARS2,25,4:09:36,5:09:47,1:00:11,0:30:05
751381,OLE2825S,26,4:10:06,5:10:07,1:00:01,0:30:01
751381,OLEACKS,27,4:10:36,5:10:47,1:00:11,0:30:05
751381,OLEARGS,28,4:11:22,5:11:33,1:00:11,0:30:05
751381,LANOLEE,29,4:11:26,5:12:37,1:01:11,0:30:36
751381,LANTUTE,30,4:12:19,5:13:29,1:01:10,0:30:35
751381,LANNEIE,31,4:13:00,5:14:00,1:01:00,0:30:30
751381,HIGLANS,32,4:14:13,5:15:24,1:01:11,0:30:36
751381,HIG18TS,33,4:15:13,5:16:24,1:01:11,0:30:36
751381,HIG15TS,34,4:16:12,5:17:23,1:01:11,0:30:36
751381,HIG13TS,35,4:18:09,5:18:09,1:00:00,0:30:00
751381,HIGCHIS,36,4:19:00,5:19:00,1:00:00,0:30:00
751381,HIG10TS,37,4:19:31,5:19:41,1:00:10,0:30:05
751381,NHIGMCMS,38,4:10:26,5:20:37,1:10:11,0:35:06
751381,HIGCLAS,39,4:11:14,5:21:15,1:10:01,0:35:01
751381,HIG5THS,40,4:11:00,5:22:00,1:11:00,0:35:30
751381,HIG4THS,41,4:11:18,5:22:28,1:11:10,0:35:35
751381,NHIW2S,42,4:12:16,5:23:17,1:11:01,0:35:31
751381,HIGHUBS,43,4:13:10,5:24:10,1:11:00,0:35:30
751381,HIGRUSS,44,4:14:01,5:25:02,1:11:01,0:35:31
751381,HIGSWANS,45,4:14:26,5:25:37,1:11:11,0:35:35
751381,HIGOHIS,46,4:15:13,5:26:24,1:11:11,0:35:36
751381,HIGNATS,47,4:16:00,5:27:00,1:11:00,0:35:30
751381,HIGLONS,48,4:18:00,5:28:00,1:10:00,0:35:00
751381,HIGBROS,49,4:20:00,5:30:00,1:10:00,0:35:00
751381,HIGSTAS,50,4:21:16,5:31:27,1:10:11,0:35:05
751381,HIGTOWS,51,4:21:31,5:32:42,1:11:11,0:35:35
751381,HIGMAIS2,52,4:23:09,5:34:09,1:11:00,0:35:30
751381,HIGMOUS,53,4:24:00,5:35:00,1:11:00,0:35:30
751381,LIV3RDE,54,4:25:01,5:36:01,1:11:00,0:35:30
751381,LIV4THE,55,4:25:35,5:36:46,1:11:11,0:35:35
751381,LIV6THE,56,4:26:15,5:37:16,1:11:01,0:35:31
751381,LIVGRANE,57,4:26:31,5:37:41,1:11:10,0:35:35
751381,LIVPARE,58,4:29:00,5:39:00,1:10:00,0:35:00
751381,LIVANNE,59,4:29:11,5:39:22,1:10:11,0:35:05
751381,LIV18TE,60,4:29:34,5:39:45,1:10:11,0:35:05
751381,LIVCARE,61,4:30:09,5:40:09,1:10:00,0:35:00
751381,LIV22NE,62,4:30:26,5:40:37,1:10:11,0:35:05
751381,LIVCHAE,63,4:31:00,5:41:00,1:10:00,0:35:00
751381,LIVWILE,64,4:31:20,5:41:30,1:10:10,0:35:05
751381,LIVSTUE,65,4:31:04,5:42:05,1:11:01,0:35:31
751381,LIVKELE,66,4:32:00,5:43:00,1:11:00,0:35:30
751381,LIVBERE,67,4:32:14,5:43:25,1:11:11,0:35:35
751381,LIVBULE,68,4:33:18,5:44:18,1:11:00,0:35:30
751381,LIVRHOE,69,4:33:29,5:44:39,1:11:10,0:35:35
751381,LIVMEME,70,4:34:08,5:45:08,1:11:00,0:35:30
751381,LIVMAYE,71,4:35:06,5:46:07,1:11:01,0:35:31
751381,LIVCOLE,72,4:36:00,5:47:00,1:11:00,0:35:30
751381,LIVCASE,73,4:36:19,5:47:29,1:11:10,0:35:35
751381,LIVROOE,74,4:38:04,5:48:05,1:10:01,0:35:01
751381,LIVCHEE,75,4:38:19,5:48:29,1:10:10,0:35:05
751381,LIVBROE1,76,4:38:43,5:48:54,1:10:11,0:35:05
751381,LIVWELE,77,4:39:16,5:49:17,1:10:01,0:35:00
751381,LIVKELE1,78,4:39:25,5:49:36,1:10:11,0:35:05
751381,LIVJAME,79,4:40:00,5:50:00,1:10:00,0:35:00
751381,LIVZETE,80,4:40:34,5:50:45,1:10:11,0:35:05
751381,LIVBARE,81,4:41:12,5:51:23,1:10:11,0:35:05
751381,LIVCUNE,82,4:41:01,5:52:02,1:11:01,0:35:30
751381,LIVCOUE,83,4:41:42,5:52:53,1:11:11,0:35:35
751381,LIVBEEE,84,4:42:12,5:53:13,1:11:01,0:35:31
751381,LIVVILE,85,4:42:25,5:53:36,1:11:11,0:35:36
751381,LIVYEAE,86,4:43:11,5:54:11,1:11:00,0:35:30
751381,LIVBURE,87,4:43:42,5:54:53,1:11:11,0:35:35
751381,LIVGRAE,88,4:44:15,5:55:26,1:11:11,0:35:35
751381,LIVHAME,89,4:45:00,5:56:00,1:11:00,0:35:30
751381,LIVSHAE,90,4:45:35,5:56:46,1:11:11,0:35:36
751381,LIVLATE,91,4:46:16,5:57:27,1:11:11,0:35:35
751381,LIVNOEE,92,4:49:21,5:59:32,1:10:11,0:35:05
751381,LIVLONE,93,5:00:00,6:00:00,1:00:00,0:30:00
751381,LIVBAIE,94,5:01:18,6:01:28,1:00:10,0:30:05
751381,LIVQUAE,95,5:01:10,6:02:10,1:01:00,0:30:30
751381,LIVWALE,96,5:01:45,6:02:56,1:01:11,0:30:35
751381,LIVSARE,97,5:02:20,6:03:30,1:01:10,0:30:35
751381,LIVBRIE,98,5:03:31,6:04:41,1:01:10,0:30:35
751381,EASOFFE,99,5:05:06,6:06:07,1:01:01,0:30:31
751381,REYRIDSW,100,5:06:00,6:07:00,1:01:00,0:30:30
751382,PICBETS,1,4:00:00,5:00:00,1:00:00,0:30:00
751382,2425BET,2,4:00:42,5:00:53,1:00:11,0:30:05
751382,BETWOOE,3,4:01:24,5:01:35,1:00:11,0:30:05
751382,BETHEDE,4,4:01:16,5:02:17,1:01:01,0:30:31
751382,BETDIEE,5,4:02:00,5:03:00,1:01:00,0:30:30
751382,BETOLGE,6,4:02:26,5:03:37,1:01:11,0:30:35
751382,BETREEE,7,4:03:18,5:04:18,1:01:00,0:30:30
751382,BETPORE,8,4:03:48,5:04:58,1:01:10,0:30:35
751382,GODBETS,9,4:04:43,5:05:54,1:01:11,0:30:36
751382,GODLANSE,10,4:05:24,5:06:35,1:01:11,0:30:36
751382,GODCHEE,11,4:06:00,5:07:00,1:01:00,0:30:30
751382,KENWEYS,12,4:08:02,5:08:03,1:00:01,0:30:01
751382,KENMERS,13,4:08:30,5:08:40,1:00:10,0:30:05
751382,KENFOLS,14,4:09:21,5:09:31,1:00:10,0:30:05
751382,KENWINS,15,4:10:16,5:10:27,1:00:11,0:30:05
751382,KENPARS,16,4:11:13,5:11:14,1:00:01,0:30:00
751382,KENMCCS,17,4:11:00,5:12:00,1:01:00,0:30:30
751382,KENMILS,18,4:11:29,5:12:39,1:01:10,0:30:35
751382,KENRUES,19,4:12:33,5:13:44,1:01:11,0:30:36
751382,NORCLEE,20,4:13:18,5:14:28,1:01:10,0:30:35
751382,NORSHAE,21,4:13:42,5:14:53,1:01:11,0:30:35
751382,NORENTE,22,4:15:00,5:16:00,1:01:00,0:30:30
751382,OLEUNIS,23,4:18:04,5:18:05,1:00:01,0:30:01
751382,OLERIVS1,24,4:19:00,5:19:00,1:00:00,0:30:00
751382,OLEHARS2,25,4:19:36,5:19:47,1:00:11,0:30:05
751382,OLE2825S,26,4:10:06,5:20:07,1:10:01,0:35:01
751382,OLEACKS,27,4:10:36,5:20:47,1:10:11,0:35:05
751382,OLEARGS,28,4:11:22,5:21:33,1:10:11,0:35:05
751382,LANOLEE,29,4:11:26,5:22:37,1:11:11,0:35:36
751382,LANTUTE,30,4:12:19,5:23:29,1:11:10,0:35:35
751382,LANNEIE,31,4:13:00,5:24:00,1:11:00,0:35:30
751382,HIGLANS,32,4:14:13,5:25:24,1:11:11,0:35:35
751382,HIG18TS,33,4:15:13,5:26:24,1:11:11,0:35:36
751382,HIG15TS,34,4:16:12,5:27:23,1:11:11,0:35:36
751382,HIG13TS,35,4:18:09,5:28:09,1:10:00,0:35:00
751382,HIGCHIS,36,4:19:00,5:29:00,1:10:00,0:35:00
751382,HIG10TS,37,4:19:31,5:29:41,1:10:10,0:35:05
751382,NHIGMCMS,38,4:20:26,5:30:37,1:10:11,0:35:05
751382,HIGCLAS,39,4:21:14,5:31:15,1:10:01,0:35:00
751382,HIG5THS,40,4:21:00,5:32:00,1:11:00,0:35:30
751382,HIG4THS,41,4:21:18,5:32:28,1:11:10,0:35:35
751382,NHIW2S,42,4:22:16,5:33:17,1:11:01,0:35:30
751382,HIGHUBS,43,4:23:10,5:34:10,1:11:00,0:35:30
751382,HIGRUSS,44,4:24:01,5:35:02,1:11:01,0:35:30
751382,HIGSWANS,45,4:24:26,5:35:37,1:11:11,0:35:35
751382,HIGOHIS,46,4:25:13,5:36:24,1:11:11,0:35:35
751382,HIGNATS,47,4:26:00,5:37:00,1:11:00,0:35:30
751382,HIGLONS,48,4:28:00,5:38:00,1:10:00,0:35:00
751382,HIGBROS,49,4:30:00,5:40:00,1:10:00,0:35:00
751382,HIGSTAS,50,4:31:16,5:41:27,1:10:11,0:35:06
751382,HIGTOWS,51,4:31:31,5:42:42,1:11:11,0:35:36
751382,HIGMAIS2,52,4:33:09,5:44:09,1:11:00,0:35:30
751382,HIGMOUS,53,4:34:00,5:45:00,1:11:00,0:35:30
751382,LIV3RDE,54,4:35:01,5:46:01,1:11:00,0:35:30
751382,LIV4THE,55,4:35:35,5:46:46,1:11:11,0:35:35
751382,LIV6THE,56,4:36:15,5:47:16,1:11:01,0:35:30
751382,LIVGRANE,57,4:36:31,5:47:41,1:11:10,0:35:35
751382,LIVPARE,58,4:39:00,5:49:00,1:10:00,0:35:00
751382,LIVANNE,59,4:39:11,5:49:22,1:10:11,0:35:05
751382,LIV18TE,60,4:39:34,5:49:45,1:10:11,0:35:05
751382,LIVCARE,61,4:40:09,5:50:09,1:10:00,0:35:00
751382,LIV22NE,62,4:40:26,5:50:37,1:10:11,0:35:05
751382,LIVCHAE,63,4:41:00,5:51:00,1:10:00,0:35:00
751382,LIVWILE,64,4:41:20,5:51:30,1:10:10,0:35:05
751382,LIVSTUE,65,4:41:04,5:52:05,1:11:01,0:35:30
751382,LIVKELE,66,4:42:00,5:53:00,1:11:00,0:35:30
751382,LIVBERE,67,4:42:14,5:53:25,1:11:11,0:35:35
751382,LIVBULE,68,4:43:18,5:54:18,1:11:00,0:35:30
751382,LIVRHOE,69,4:43:29,5:54:39,1:11:10,0:35:35
751382,LIVMEME,70,4:44:08,5:55:08,1:11:00,0:35:30
751382,LIVMAYE,71,4:45:06,5:56:07,1:11:01,0:35:30
751382,LIVCOLE,72,4:46:00,5:57:00,1:11:00,0:35:30
751382,LIVCASE,73,4:46:19,5:57:29,1:11:10,0:35:35
751382,LIVROOE,74,4:48:04,5:58:05,1:10:01,0:35:01
751382,LIVCHEE,75,4:48:19,5:58:29,1:10:10,0:35:05
751382,LIVBROE1,76,4:48:43,5:58:54,1:10:11,0:35:05
751382,LIVWELE,77,4:49:16,5:59:17,1:10:01,0:35:00
751382,LIVKELE1,78,4:49:25,5:59:36,1:10:11,0:35:05
751382,LIVJAME,79,5:00:00,6:00:00,1:00:00,0:30:00
751382,LIVZETE,80,5:00:34,6:00:45,1:00:11,0:30:06
751382,LIVBARE,81,5:01:12,6:01:23,1:00:11,0:30:06
751382,LIVCUNE,82,5:01:01,6:02:02,1:01:01,0:30:30
751382,LIVCOUE,83,5:01:42,6:02:53,1:01:11,0:30:36
751382,LIVBEEE,84,5:02:12,6:03:13,1:01:01,0:30:31
751382,LIVVILE,85,5:02:25,6:03:36,1:01:11,0:30:35
751382,LIVYEAE,86,5:03:11,6:04:11,1:01:00,0:30:30
751382,LIVBURE,87,5:03:42,6:04:53,1:01:11,0:30:36
751382,LIVGRAE,88,5:04:15,6:05:26,1:01:11,0:30:35
751382,LIVHAME,89,5:05:00,6:06:00,1:01:00,0:30:30
751382,LIVSHAE,90,5:05:35,6:06:46,1:01:11,0:30:35
751382,LIVLATE,91,5:06:16,6:07:27,1:01:11,0:30:35
751382,LIVNOEE,92,5:09:21,6:09:32,1:00:11,0:30:05
751382,LIVLONE,93,5:10:00,6:10:00,1:00:00,0:30:00
751382,LIVBAIE,94,5:11:18,6:11:28,1:00:10,0:30:05
751382,LIVQUAE,95,5:11:10,6:12:10,1:01:00,0:30:30
751382,LIVWALE,96,5:11:45,6:12:56,1:01:11,0:30:35
751382,LIVSARE,97,5:12:20,6:13:30,1:01:10,0:30:35
751382,LIVBRIE,98,5:13:31,6:14:41,1:01:10,0:30:35
751382,EASOFFE,99,5:15:06,6:16:07,1:01:01,0:30:30
751382,REYRIDSW,100,5:16:00,6:17:00,1:01:00,0:30:30
751383,PICBETS,1,4:09:00,5:09:00,1:00:00,0:30:00
751383,2425BET,2,4:09:42,5:09:53,1:00:11,0:30:05
751383,BETWOOE,3,4:10:24,5:10:35,1:00:11,0:30:05
751383,BETHEDE,4,4:11:16,5:11:17,1:00:01,0:30:00
751383,BETDIEE,5,4:11:00,5:12:00,1:01:00,0:30:30
751383,BETOLGE,6,4:11:26,5:12:37,1:01:11,0:30:36
751383,BETREEE,7,4:12:18,5:13:18,1:01:00,0:30:30
751383,BETPORE,8,4:12:48,5:13:58,1:01:10,0:30:35
751383,GODBETS,9,4:13:43,5:14:54,1:01:11,0:30:35
751383,GODLANSE,10,4:14:24,5:15:35,1:01:11,0:30:35
751383,GODCHEE,11,4:15:00,5:16:00,1:01:00,0:30:30
751383,KENWEYS,12,4:16:02,5:17:03,1:01:01,0:30:31
751383,KENMERS,13,4:16:30,5:17:40,1:01:10,0:30:35
751383,KENFOLS,14,4:18:21,5:18:31,1:00:10,0:30:05
751383,KENWINS,15,4:19:16,5:19:27,1:00:11,0:30:06
751383,KENPARS,16,4:10:13,5:20:14,1:10:01,0:35:01
751383,KENMCCS,17,4:11:00,5:21:00,1:10:00,0:35:00
751383,KENMILS,18,4:11:29,5:21:39,1:10:10,0:35:05
751383,KENRUES,19,4:11:33,5:22:44,1:11:11,0:35:35
751383,NORCLEE,20,4:12:18,5:23:28,1:11:10,0:35:35
751383,NORSHAE,21,4:12:42,5:23:53,1:11:11,0:35:35
751383,NORENTE,22,4:14:00,5:25:00,1:11:00,0:35:30
751383,OLEUNIS,23,4:16:04,5:27:05,1:11:01,0:35:31
751383,OLERIVS1,24,4:18:00,5:28:00,1:10:00,0:35:00
751383,OLEHARS2,25,4:18:36,5:28:47,1:10:11,0:35:06
751383,OLE2825S,26,4:19:06,5:29:07,1:10:01,0:35:01
751383,OLEACKS,27,4:19:36,5:29:47,1:10:11,0:35:05
751383,OLEARGS,28,4:20:22,5:30:33,1:10:11,0:35:05
751383,LANOLEE,29,4:21:26,5:31:37,1:10:11,0:35:05
751383,LANTUTE,30,4:21:19,5:32:29,1:11:10,0:35:35
751383,LANNEIE,31,4:22:00,5:33:00,1:11:00,0:35:30
751383,HIGLANS,32,4:23:13,5:34:24,1:11:11,0:35:35
751383,HIG18TS,33,4:24:13,5:35:24,1:11:11,0:35:35
751383,HIG15TS,34,4:25:12,5:36:23,1:11:11,0:35:35
751383,HIG13TS,35,4:26:09,5:37:09,1:11:00,0:35:30
751383,HIGCHIS,36,4:28:00,5:38:00,1:10:00,0:35:00
751383,HIG10TS,37,4:28:31,5:38:41,1:10:10,0:35:05
751383,NHIGMCMS,38,4:29:26,5:39:37,1:10:11,0:35:05
751383,HIGCLAS,39,4:30:14,5:40:15,1:10:01,0:35:01
751383,HIG5THS,40,4:31:00,5:41:00,1:10:00,0:35:00
751383,HIG4THS,41,4:31:23,5:41:34,1:10:11,0:35:05
751383,NHIW2S,42,4:31:22,5:42:33,1:11:11,0:35:35
751383,HIGHUBS,43,4:32:26,5:43:37,1:11:11,0:35:35
751383,HIGRUSS,44,4:33:30,5:44:40,1:11:10,0:35:35
751383,HIGSWANS,45,4:34:11,5:45:22,1:11:11,0:35:35
751383,HIGOHIS,46,4:35:18,5:46:18,1:11:00,0:35:30
751383,HIGNATS,47,4:36:00,5:47:00,1:11:00,0:35:30
751383,HIGLONS,48,4:38:00,5:48:00,1:10:00,0:35:00
751383,HIGBROS,49,4:40:00,5:50:00,1:10:00,0:35:00
751383,HIGSTAS,50,4:41:16,5:51:27,1:10:11,0:35:05
751383,HIGTOWS,51,4:41:31,5:52:42,1:11:11,0:35:36
751383,HIGMAIS2,52,4:43:09,5:54:09,1:11:00,0:35:30
751383,HIGMOUS,53,4:44:00,5:55:00,1:11:00,0:35:30
751383,LIV3RDE,54,4:45:01,5:56:01,1:11:00,0:35:30
751383,LIV4THE,55,4:45:35,5:56:46,1:11:11,0:35:36
751383,LIV6THE,56,4:46:15,5:57:16,1:11:01,0:35:31
751383,LIVGRANE,57,4:46:31,5:57:41,1:11:10,0:35:35
751383,LIVPARE,58,4:49:00,5:59:00,1:10:00,0:35:00
751383,LIVANNE,59,4:49:11,5:59:22,1:10:11,0:35:05
751383,LIV18TE,60,4:49:34,5:59:45,1:10:11,0:35:05
751383,LIVCARE,61,5:00:09,6:00:09,1:00:00,0:30:00
751383,LIV22NE,62,5:00:26,6:00:37,1:00:11,0:30:05
751383,LIVCHAE,63,5:01:00,6:01:00,1:00:00,0:30:00
751383,LIVWILE,64,5:01:20,6:01:30,1:00:10,0:30:05
751383,LIVSTUE,65,5:01:04,6:02:05,1:01:01,0:30:30
751383,LIVKELE,66,5:02:00,6:03:00,1:01:00,0:30:30
751383,LIVBERE,67,5:02:14,6:03:25,1:01:11,0:30:36
751383,LIVBULE,68,5:03:18,6:04:18,1:01:00,0:30:30
751383,LIVRHOE,69,5:03:29,6:04:39,1:01:10,0:30:35
751383,LIVMEME,70,5:04:08,6:05:08,1:01:00,0:30:30
751383,LIVMAYE,71,5:05:06,6:06:07,1:01:01,0:30:31
751383,LIVCOLE,72,5:06:00,6:07:00,1:01:00,0:30:30
751383,LIVCASE,73,5:06:19,6:07:29,1:01:10,0:30:35
751383,LIVROOE,74,5:08:04,6:08:05,1:00:01,0:30:00
751383,LIVCHEE,75,5:08:19,6:08:29,1:00:10,0:30:05
751383,LIVBROE1,76,5:08:43,6:08:54,1:00:11,0:30:06
751383,LIVWELE,77,5:09:16,6:09:17,1:00:01,0:30:00
751383,LIVKELE1,78,5:09:25,6:09:36,1:00:11,0:30:05
751383,LIVJAME,79,5:10:00,6:10:00,1:00:00,0:30:00
751383,LIVZETE,80,5:10:34,6:10:45,1:00:11,0:30:05
751383,LIVBARE,81,5:11:12,6:11:23,1:00:11,0:30:05
751383,LIVCUNE,82,5:11:01,6:12:02,1:01:01,0:30:31
751383,LIVCOUE,83,5:11:42,6:12:53,1:01:11,0:30:35
751383,LIVBEEE,84,5:12:12,6:13:13,1:01:01,0:30:31
751383,LIVVILE,85,5:12:25,6:13:36,1:01:11,0:30:35
751383,LIVYEAE,86,5:13:11,6:14:11,1:01:00,0:30:30
751383,LIVBURE,87,5:13:42,6:14:53,1:01:11,0:30:35
751383,LIVGRAE,88,5:14:15,6:15:26,1:01:11,0:30:35
751383,LIVHAME,89,5:15:00,6:16:00,1:01:00,0:30:30
751383,LIVSHAE,90,5:15:35,6:16:46,1:01:11,0:30:36
751383,LIVLATE,91,5:16:16,6:17:27,1:01:11,0:30:36
751383,LIVNOEE,92,5:19:21,6:19:32,1:00:11,0:30:05
751383,LIVLONE,93,5:10:00,6:20:00,1:10:00,0:35:00
751383,LIVBAIE,94,5:11:18,6:21:28,1:10:10,0:35:05
751383,LIVQUAE,95,5:11:10,6:22:10,1:11:00,0:35:30
751383,LIVWALE,96,5:11:45,6:22:56,1:11:11,0:35:36
751383,LIVSARE,97,5:12:20,6:23:30,1:11:10,0:35:35
751383,LIVBRIE,98,5:13:31,6:24:41,1:11:10,0:35:35
751383,EASOFFE,99,5:15:06,6:26:07,1:11:01,0:35:30
751383,REYRIDSW,100,5:16:00,6:27:00,1:11:00,0:35:30
751384,PICBETS,1,4:19:00,5:19:00,1:00:00,0:30:00
751384,2425BET,2,4:19:42,5:19:53,1:00:11,0:30:06
751384,BETWOOE,3,4:10:24,5:20:35,1:10:11,0:35:05
751384,BETHEDE,4,4:11:16,5:21:17,1:10:01,0:35:01
751384,BETDIEE,5,4:11:00,5:22:00,1:11:00,0:35:30
751384,BETOLGE,6,4:11:26,5:22:37,1:11:11,0:35:36
751384,BETREEE,7,4:12:18,5:23:18,1:11:00,0:35:30
751384,BETPORE,8,4:12:48,5:23:58,1:11:10,0:35:35
751384,GODBETS,9,4:13:43,5:24:54,1:11:11,0:35:35
751384,GODLANSE,10,4:14:24,5:25:35,1:11:11,0:35:35
751384,GODCHEE,11,4:15:00,5:26:00,1:11:00,0:35:30
751384,KENWEYS,12,4:16:02,5:27:03,1:11:01,0:35:31
751384,KENMERS,13,4:16:30,5:27:40,1:11:10,0:35:35
751384,KENFOLS,14,4:18:21,5:28:31,1:10:10,0:35:05
751384,KENWINS,15,4:19:16,5:29:27,1:10:11,0:35:06
751384,KENPARS,16,4:20:13,5:30:14,1:10:01,0:35:00
751384,KENMCCS,17,4:21:00,5:31:00,1:10:00,0:35:00
751384,KENMILS,18,4:21:29,5:31:39,1:10:10,0:35:05
751384,KENRUES,19,4:21:33,5:32:44,1:11:11,0:35:35
751384,NORCLEE,20,4:22:18,5:33:28,1:11:10,0:35:35
751384,NORSHAE,21,4:22:42,5:33:53,1:11:11,0:35:36
751384,NORENTE,22,4:24:00,5:35:00,1:11:00,0:35:30
751384,OLEUNIS,23,4:26:04,5:37:05,1:11:01,0:35:30
751384,OLERIVS1,24,4:28:00,5:38:00,1:10:00,0:35:00
751384,OLEHARS2,25,4:28:36,5:38:47,1:10:11,0:35:05
751384,OLE2825S,26,4:29:06,5:39:07,1:10:01,0:35:00
751384,OLEACKS,27,4:29:36,5:39:47,1:10:11,0:35:05
751384,OLEARGS,28,4:30:22,5:40:33,1:10:11,0:35:05
751384,LANOLEE,29,4:31:26,5:41:37,1:10:11,0:35:05
751384,LANTUTE,30,4:31:19,5:42:29,1:11:10,0:35:35
751384,LANNEIE,31,4:32:00,5:43:00,1:11:00,0:35:30
751384,HIGLANS,32,4:33:13,5:44:24,1:11:11,0:35:35
751384,HIG18TS,33,4:34:13,5:45:24,1:11:11,0:35:35
751384,HIG15TS,34,4:35:12,5:46:23,1:11:11,0:35:35
751384,HIG13TS,35,4:36:09,5:47:09,1:11:00,0:35:30
751384,HIGCHIS,36,4:38:00,5:48:00,1:10:00,0:35:00
751384,HIG10TS,37,4:38:31,5:48:41,1:10:10,0:35:05
751384,NHIGMCMS,38,4:39:26,5:49:37,1:10:11,0:35:06
751384,HIGCLAS,39,4:40:14,5:50:15,1:10:01,0:35:01
751384,HIG5THS,40,4:41:00,5:51:00,1:10:00,0:35:00
751384,HIG4THS,41,4:41:23,5:51:34,1:10:11,0:35:05
751384,NHIW2S,42,4:41:22,5:52:33,1:11:11,0:35:35
751384,HIGHUBS,43,4:42:26,5:53:37,1:11:11,0:35:35
751384,HIGRUSS,44,4:43:30,5:54:40,1:11:10,0:35:35
751384,HIGSWANS,45,4:44:11,5:55:22,1:11:11,0:35:36
751384,HIGOHIS,46,4:45:18,5:56:18,1:11:00,0:35:30
751384,HIGNATS,47,4:46:00,5:57:00,1:11:00,0:35:30
751384,HIGLONS,48,4:48:00,5:58:00,1:10:00,0:35:00
751384,HIGBROS,49,5:00:00,6:00:00,1:00:00,0:30:00
751384,HIGSTAS,50,5:01:16,6:01:27,1:00:11,0:30:05
751384,HIGTOWS,51,5:01:31,6:02:42,1:01:11,0:30:35
751384,HIGMAIS2,52,5:03:09,6:04:09,1:01:00,0:30:30
751384,HIGMOUS,53,5:04:00,6:05:00,1:01:00,0:30:30
751384,LIV3RDE,54,5:05:01,6:06:01,1:01:00,0:30:30
751384,LIV4THE,55,5:05:35,6:06:46,1:01:11,0:30:35
751384,LIV6THE,56,5:06:15,6:07:16,1:01:01,0:30:31
751384,LIVGRANE,57,5:06:31,6:07:41,1:01:10,0:30:35
751384,LIVPARE,58,5:09:00,6:09:00,1:00:00,0:30:00
751384,LIVANNE,59,5:09:11,6:09:22,1:00:11,0:30:06
751384,LIV18TE,60,5:09:34,6:09:45,1:00:11,0:30:05
751384,LIVCARE,61,5:10:09,6:10:09,1:00:00,0:30:00
751384,LIV22NE,62,5:10:26,6:10:37,1:00:11,0:30:06
751384,LIVCHAE,63,5:11:00,6:11:00,1:00:00,0:30:00
751384,LIVWILE,64,5:11:20,6:11:30,1:00:10,0:30:05
751384,LIVSTUE,65,5:11:04,6:12:05,1:01:01,0:30:31
751384,LIVKELE,66,5:12:00,6:13:00,1:01:00,0:30:30
751384,LIVBERE,67,5:12:14,6:13:25,1:01:11,0:30:36
751384,LIVBULE,68,5:13:18,6:14:18,1:01:00,0:30:30
751384,LIVRHOE,69,5:13:29,6:14:39,1:01:10,0:30:35
751384,LIVMEME,70,5:14:08,6:15:08,1:01:00,0:30:30
751384,LIVMAYE,71,5:15:06,6:16:07,1:01:01,0:30:30
751384,LIVCOLE,72,5:16:00,6:17:00,1:01:00,0:30:30
751384,LIVCASE,73,5:16:19,6:17:29,1:01:10,0:30:35
751384,LIVROOE,74,5:18:04,6:18:05,1:00:01,0:30:01
751384,LIVCHEE,75,5:18:19,6:18:29,1:00:10,0:30:05
751384,LIVBROE1,76,5:18:43,6:18:54,1:00:11,0:30:05
751384,LIVWELE,77,5:19:16,6:19:17,1:00:01,0:30:00
751384,LIVKELE1,78,5:19:25,6:19:36,1:00:11,0:30:06
751384,LIVJAME,79,5:10:00,6:20:00,1:10:00,0:35:00
751384,LIVZETE,80,5:10:34,6:20:45,1:10:11,0:35:05
751384,LIVBARE,81,5:11:12,6:21:23,1:10:11,0:35:05
751384,LIVCUNE,82,5:11:01,6:22:02,1:11:01,0:35:30
751384,LIVCOUE,83,5:11:42,6:22:53,1:11:11,0:35:36
751384,LIVBEEE,84,5:12:12,6:23:13,1:11:01,0:35:30
751384,LIVVILE,85,5:12:25,6:23:36,1:11:11,0:35:35
751384,LIVYEAE,86,5:13:11,6:24:11,1:11:00,0:35:30
751384,LIVBURE,87,5:13:42,6:24:53,1:11:11,0:35:36
751384,LIVGRAE,88,5:14:15,6:25:26,1:11:11,0:35:35
751384,LIVHAME,89,5:15:00,6:26:00,1:11:00,0:35:30
751384,LIVSHAE,90,5:15:35,6:26:46,1:11:11,0:35:35
751384,LIVLATE,91,5:16:16,6:27:27,1:11:11,0:35:35
751384,LIVNOEE,92,5:19:21,6:29:32,1:10:11,0:35:05
751384,LIVLONE,93,5:20:00,6:30:00,1:10:00,0:35:00
751384,LIVBAIE,94,5:21:18,6:31:28,1:10:10,0:35:05
751384,LIVQUAE,95,5:21:10,6:32:10,1:11:00,0:35:30
751384,LIVWALE,96,5:21:45,6:32:56,1:11:11,0:35:36
751384,LIVSARE,97,5:22:20,6:33:30,1:11:10,0:35:35
751384,LIVBRIE,98,5:23:31,6:34:41,1:11:10,0:35:35
751384,EASOFFE,99,5:25:06,6:36:07,1:11:01,0:35:31
751384,REYRIDSW,100,5:26:00,6:37:00,1:11:00,0:35:30
751385,PICBETS,1,4:19:00,5:29:00,1:10:00,0:35:00
751385,2425BET,2,4:19:42,5:29:53,1:10:11,0:35:05
751385,BETWOOE,3,4:20:24,5:30:35,1:10:11,0:35:05
751385,BETHEDE,4,4:21:16,5:31:17,1:10:01,0:35:00
751385,BETDIEE,5,4:21:00,5:32:00,1:11:00,0:35:30
751385,BETOLGE,6,4:21:26,5:32:37,1:11:11,0:35:35
751385,BETREEE,7,4:22:18,5:33:18,1:11:00,0:35:30
751385,BETPORE,8,4:22:48,5:33:58,1:11:10,0:35:35
751385,GODBETS,9,4:23:43,5:34:54,1:11:11,0:35:36
751385,GODLANSE,10,4:24:24,5:35:35,1:11:11,0:35:36
751385,GODCHEE,11,4:25:00,5:36:00,1:11:00,0:35:30
751385,KENWEYS,12,4:26:02,5:37:03,1:11:01,0:35:30
751385,KENMERS,13,4:26:30,5:37:40,1:11:10,0:35:35
751385,KENFOLS,14,4:28:21,5:38:31,1:10:10,0:35:05
751385,KENWINS,15,4:29:16,5:39:27,1:10:11,0:35:05
751385,KENPARS,16,4:30:13,5:40:14,1:10:01,0:35:01
751385,KENMCCS,17,4:31:00,5:41:00,1:10:00,0:35:00
751385,KENMILS,18,4:31:29,5:41:39,1:10:10,0:35:05
751385,KENRUES,19,4:31:33,5:42:44,1:11:11,0:35:36
751385,NORCLEE,20,4:32:18,5:43:28,1:11:10,0:35:35
751385,NORSHAE,21,4:32:42,5:43:53,1:11:11,0:35:35
751385,NORENTE,22,4:34:00,5:45:00,1:11:00,0:35:30
751385,OLEUNIS,23,4:36:04,5:47:05,1:11:01,0:35:31
751385,OLERIVS1,24,4:38:00,5:48:00,1:10:00,0:35:00
751385,OLEHARS2,25,4:38:36,5:48:47,1:10:11,0:35:05
751385,OLE2825S,26,4:39:06,5:49:07,1:10:01,0:35:01
751385,OLEACKS,27,4:39:36,5:49:47,1:10:11,0:35:05
751385,OLEARGS,28,4:40:22,5:50:33,1:10:11,0:35:05
751385,LANOLEE,29,4:41:26,5:51:37,1:10:11,0:35:06
751385,LANTUTE,30,4:41:19,5:52:29,1:11:10,0:35:35
751385,LANNEIE,31,4:42:00,5:53:00,1:11:00,0:35:30
751385,HIGLANS,32,4:43:13,5:54:24,1:11:11,0:35:35
751385,HIG18TS,33,4:44:13,5:55:24,1:11:11,0:35:36
751385,HIG15TS,34,4:45:12,5:56:23,1:11:11,0:35:35
751385,HIG13TS,35,4:46:09,5:57:09,1:11:00,0:35:30
751385,HIGCHIS,36,4:48:00,5:58:00,1:10:00,0:35:00
751385,HIG10TS,37,4:48:31,5:58:41,1:10:10,0:35:05
751385,NHIGMCMS,38,4:49:26,5:59:37,1:10:11,0:35:05
751385,HIGCLAS,39,5:00:14,6:00:15,1:00:01,0:30:00
751385,HIG5THS,40,5:01:00,6:01:00,1:00:00,0:30:00
751385,HIG4THS,41,5:01:23,6:01:34,1:00:11,0:30:05
751385,NHIW2S,42,5:01:22,6:02:33,1:01:11,0:30:35
751385,HIGHUBS,43,5:02:26,6:03:37,1:01:11,0:30:35
751385,HIGRUSS,44,5:03:30,6:04:40,1:01:10,0:30:35
751385,HIGSWANS,45,5:04:11,6:05:22,1:01:11,0:30:35
751385,HIGOHIS,46,5:05:18,6:06:18,1:01:00,0:30:30
751385,HIGNATS,47,5:06:00,6:07:00,1:01:00,0:30:30
751385,HIGLONS,48,5:08:00,6:08:00,1:00:00,0:30:00
751385,HIGBROS,49,5:10:00,6:10:00,1:00:00,0:30:00
751385,HIGSTAS,50,5:11:16,6:11:27,1:00:11,0:30:05
751385,HIGTOWS,51,5:11:31,6:12:42,1:01:11,0:30:35
751385,HIGMAIS2,52,5:13:09,6:14:09,1:01:00,0:30:30
751385,HIGMOUS,53,5:14:00,6:15:00,1:01:00,0:30:30
751385,LIV3RDE,54,5:15:01,6:16:01,1:01:00,0:30:30
751385,LIV4THE,55,5:15:35,6:16:46,1:01:11,0:30:36
751385,LIV6THE,56,5:16:15,6:17:16,1:01:01,0:30:31
751385,LIVGRANE,57,5:16:31,6:17:41,1:01:10,0:30:35
751385,LIVPARE,58,5:19:00,6:19:00,1:00:00,0:30:00
751385,LIVANNE,59,5:19:11,6:19:22,1:00:11,0:30:05
751385,LIV18TE,60,5:19:34,6:19:45,1:00:11,0:30:05
751385,LIVCARE,61,5:10:09,6:20:09,1:10:00,0:35:00
751385,LIV22NE,62,5:10:26,6:20:37,1:10:11,0:35:06
751385,LIVCHAE,63,5:11:00,6:21:00,1:10:00,0:35:00
751385,LIVWILE,64,5:11:20,6:21:30,1:10:10,0:35:05
751385,LIVSTUE,65,5:11:04,6:22:05,1:11:01,0:35:30
751385,LIVKELE,66,5:12:00,6:23:00,1:11:00,0:35:30
751385,LIVBERE,67,5:12:14,6:23:25,1:11:11,0:35:36
751385,LIVBULE,68,5:13:18,6:24:18,1:11:00,0:35:30
751385,LIVRHOE,69,5:13:29,6:24:39,1:11:10,0:35:35
751385,LIVMEME,70,5:14:08,6:25:08,1:11:00,0:35:30
751385,LIVMAYE,71,5:15:06,6:26:07,1:11:01,0:35:30
751385,LIVCOLE,72,5:16:00,6:27:00,1:11:00,0:35:30
751385,LIVCASE,73,5:16:19,6:27:29,1:11:10,0:35:35
751385,LIVROOE,74,5:18:04,6:28:05,1:10:01,0:35:01
751385,LIVCHEE,75,5:18:19,6:28:29,1:10:10,0:35:05
751385,LIVBROE1,76,5:18:43,6:28:54,1:10:11,0:35:05
751385,LIVWELE,77,5:19:16,6:29:17,1:10:01,0:35:01
751385,LIVKELE1,78,5:19:25,6:29:36,1:10:11,0:35:05
751385,LIVJAME,79,5:20:00,6:30:00,1:10:00,0:35:00
751385,LIVZETE,80,5:20:34,6:30:45,1:10:11,0:35:05
751385,LIVBARE,81,5:21:12,6:31:23,1:10:11,0:35:05
751385,LIVCUNE,82,5:21:01,6:32:02,1:11:01,0:35:31
751385,LIVCOUE,83,5:21:42,6:32:53,1:11:11,0:35:36
751385,LIVBEEE,84,5:22:12,6:33:13,1:11:01,0:35:31
751385,LIVVILE,85,5:22:25,6:33:36,1:11:11,0:35:36
751385,LIVYEAE,86,5:23:11,6:34:11,1:11:00,0:35:30
751385,LIVBURE,87,5:23:42,6:34:53,1:11:11,0:35:36
751385,LIVGRAE,88,5:24:15,6:35:26,1:11:11,0:35:35
751385,LIVHAME,89,5:25:00,6:36:00,1:11:00,0:35:30
751385,LIVSHAE,90,5:25:35,6:36:46,1:11:11,0:35:36
751385,LIVLATE,91,5:26:16,6:37:27,1:11:11,0:35:36
751385,LIVNOEE,92,5:29:21,6:39:32,1:10:11,0:35:05
751385,LIVLONE,93,5:30:00,6:40:00,1:10:00,0:35:00
751385,LIVBAIE,94,5:31:18,6:41:28,1:10:10,0:35:05
751385,LIVQUAE,95,5:31:10,6:42:10,1:11:00,0:35:30
751385,LIVWALE,96,5:31:45,6:42:56,1:11:11,0:35:35
751385,LIVSARE,97,5:32:20,6:43:30,1:11:10,0:35:35
751385,LIVBRIE,98,5:33:31,6:44:41,1:11:10,0:35:35
751385,EASOFFE,99,5:35:06,6:46:07,1:11:01,0:35:31
751385,REYRIDSW,100,5:36:00,6:47:00,1:11:00,0:35:30
751386,PICBETS,1,4:29:00,5:39:00,1:10:00,0:35:00
751386,2425BET,2,4:29:42,5:39:53,1:10:11,0:35:05
751386,BETWOOE,3,4:30:24,5:40:35,1:10:11,0:35:05
751386,BETHEDE,4,4:31:16,5:41:17,1:10:01,0:35:01
751386,BETDIEE,5,4:31:00,5:42:00,1:11:00,0:35:30
751386,BETOLGE,6,4:31:26,5:42:37,1:11:11,0:35:35
751386,BETREEE,7,4:32:18,5:43:18,1:11:00,0:35:30
751386,BETPORE,8,4:32:48,5:43:58,1:11:10,0:35:35
751386,GODBETS,9,4:33:43,5:44:54,1:11:11,0:35:35
751386,GODLANSE,10,4:34:24,5:45:35,1:11:11,0:35:35
751386,GODCHEE,11,4:35:00,5:46:00,1:11:00,0:35:30
751386,KENWEYS,12,4:36:02,5:47:03,1:11:01,0:35:31
751386,KENMERS,13,4:36:30,5:47:40,1:11:10,0:35:35
751386,KENFOLS,14,4:38:21,5:48:31,1:10:10,0:35:05
751386,KENWINS,15,4:39:16,5:49:27,1:10:11,0:35:05
751386,KENPARS,16,4:40:13,5:50:14,1:10:01,0:35:01
751386,KENMCCS,17,4:41:00,5:51:00,1:10:00,0:35:00
751386,KENMILS,18,4:41:29,5:51:39,1:10:10,0:35:05
751386,KENRUES,19,4:41:33,5:52:44,1:11:11,0:35:35
751386,NORCLEE,20,4:42:18,5:53:28,1:11:10,0:35:35
751386,NORSHAE,21,4:42:42,5:53:53,1:11:11,0:35:35
751386,NORENTE,22,4:44:00,5:55:00,1:11:00,0:35:30
751386,OLEUNIS,23,4:46:04,5:57:05,1:11:01,0:35:31
751386,OLERIVS1,24,4:48:00,5:58:00,1:10:00,0:35:00
751386,OLEHARS2,25,4:48:36,5:58:47,1:10:11,0:35:05
751386,OLE2825S,26,4:49:06,5:59:07,1:10:01,0:35:01
751386,OLEACKS,27,4:49:36,5:59:47,1:10:11,0:35:06
751386,OLEARGS,28,5:00:22,6:00:33,1:00:11,0:30:05
751386,LANOLEE,29,5:01:26,6:01:37,1:00:11,0:30:05
751386,LANTUTE,30,5:01:19,6:02:29,1:01:10,0:30:35
751386,LANNEIE,31,5:02:00,6:03:00,1:01:00,0:30:30
751386,HIGLANS,32,5:03:13,6:04:24,1:01:11,0:30:35
751386,HIG18TS,33,5:04:13,6:05:24,1:01:11,0:30:35
751386,HIG15TS,34,5:05:12,6:06:23,1:01:11,0:30:35
751386,HIG13TS,35,5:06:09,6:07:09,1:01:00,0:30:30
751386,HIGCHIS,36,5:08:00,6:08:00,1:00:00,0:30:00
751386,HIG10TS,37,5:08:31,6:08:41,1:00:10,0:30:05
751386,NHIGMCMS,38,5:09:26,6:09:37,1:00:11,0:30:06
751386,HIGCLAS,39,5:10:14,6:10:15,1:00:01,0:30:01
751386,HIG5THS,40,5:11:00,6:11:00,1:00:00,0:30:00
751386,HIG4THS,41,5:11:23,6:11:34,1:00:11,0:30:05
751386,NHIW2S,42,5:11:22,6:12:33,1:01:11,0:30:35
751386,HIGHUBS,43,5:12:26,6:13:37,1:01:11,0:30:35
751386,HIGRUSS,44,5:13:30,6:14:40,1:01:10,0:30:35
751386,HIGSWANS,45,5:14:11,6:15:22,1:01:11,0:30:36
751386,HIGOHIS,46,5:15:18,6:16:18,1:01:00,0:30:30
751386,HIGNATS,47,5:16:00,6:17:00,1:01:00,0:30:30
751386,HIGLONS,48,5:18:00,6:18:00,1:00:00,0:30:00
751386,HIGBROS,49,5:10:00,6:20:00,1:10:00,0:35:00
751386,HIGSTAS,50,5:11:16,6:21:27,1:10:11,0:35:05
751386,HIGTOWS,51,5:11:31,6:22:42,1:11:11,0:35:35
751386,HIGMAIS2,52,5:13:09,6:24:09,1:11:00,0:35:30
751386,HIGMOUS,53,5:14:00,6:25:00,1:11:00,0:35:30
751386,LIV3RDE,54,5:15:01,6:26:01,1:11:00,0:35:30
751386,LIV4THE,55,5:15:35,6:26:46,1:11:11,0:35:35
751386,LIV6THE,56,5:16:15,6:27:16,1:11:01,0:35:30
751386,LIVGRANE,57,5:16:31,6:27:41,1:11:10,0:35:35
751386,LIVPARE,58,5:19:00,6:29:00,1:10:00,0:35:00
751386,LIVANNE,59,5:19:11,6:29:22,1:10:11,0:35:05
751386,LIV18TE,60,5:19:34,6:29:45,1:10:11,0:35:05
751386,LIVCARE,61,5:20:09,6:30:09,1:10:00,0:35:00
751386,LIV22NE,62,5:20:26,6:30:37,1:10:11,0:35:06
751386,LIVCHAE,63,5:21:00,6:31:00,1:10:00,0:35:00
751386,LIVWILE,64,5:21:20,6:31:30,1:10:10,0:35:05
751386,LIVSTUE,65,5:21:04,6:32:05,1:11:01,0:35:31
751386,LIVKELE,66,5:22:00,6:33:00,1:11:00,0:35:30
751386,LIVBERE,67,5:22:14,6:33:25,1:11:11,0:35:35
751386,LIVBULE,68,5:23:18,6:34:18,1:11:00,0:35:30
751386,LIVRHOE,69,5:23:29,6:34:39,1:11:10,0:35:35
751386,LIVMEME,70,5:24:08,6:35:08,1:11:00,0:35:30
751386,LIVMAYE,71,5:25:06,6:36:07,1:11:01,0:35:31
751386,LIVCOLE,72,5:26:00,6:37:00,1:11:00,0:35:30
751386,LIVCASE,73,5:26:19,6:37:29,1:11:10,0:35:35
751386,LIVROOE,74,5:28:04,6:38:05,1:10:01,0:35:00
751386,LIVCHEE,75,5:28:19,6:38:29,1:10:10,0:35:05
751386,LIVBROE1,76,5:28:43,6:38:54,1:10:11,0:35:05
751386,LIVWELE,77,5:29:16,6:39:17,1:10:01,0:35:01
751386,LIVKELE1,78,5:29:25,6:39:36,1:10:11,0:35:06
751386,LIVJAME,79,5:30:00,6:40:00,1:10:00,0:35:00
751386,LIVZETE,80,5:30:34,6:40:45,1:10:11,0:35:06
751386,LIVBARE,81,5:31:12,6:41:23,1:10:11,0:35:06
751386,LIVCUNE,82,5:31:01,6:42:02,1:11:01,0:35:30
751386,LIVCOUE,83,5:31:42,6:42:53,1:11:11,0:35:35
751386,LIVBEEE,84,5:32:12,6:43:13,1:11:01,0:35:30
751386,LIVVILE,85,5:32:25,6:43:36,1:11:11,0:35:36
751386,LIVYEAE,86,5:33:11,6:44:11,1:11:00,0:35:30
751386,LIVBURE,87,5:33:42,6:44:53,1:11:11,0:35:35
751386,LIVGRAE,88,5:34:15,6:45:26,1:11:11,0:35:36
751386,LIVHAME,89,5:35:00,6:46:00,1:11:00,0:35:30
751386,LIVSHAE,90,5:35:35,6:46:46,1:11:11,0:35:35
751386,LIVLATE,91,5:36:16,6:47:27,1:11:11,0:35:35
751386,LIVNOEE,92,5:39:21,6:49:32,1:10:11,0:35:06
751386,LIVLONE,93,5:40:00,6:50:00,1:10:00,0:35:00
751386,LIVBAIE,94,5:41:18,6:51:28,1:10:10,0:35:05
751386,LIVQUAE,95,5:41:10,6:52:10,1:11:00,0:35:30
751386,LIVWALE,96,5:41:45,6:52:56,1:11:11,0:35:36
751386,LIVSARE,97,5:42:20,6:53:30,1:11:10,0:35:35
751386,LIVBRIE,98,5:43:31,6:54:41,1:11:10,0:35:35
751386,EASOFFE,99,5:45:06,6:56:07,1:11:01,0:35:30
751386,REYRIDSW,100,5:46:00,6:57:00,1:11:00,0:35:30
751387,PICBETS,1,4:39:00,5:49:00,1:10:00,0:35:00
751387,2425BET,2,4:39:42,5:49:53,1:10:11,0:35:05
751387,BETWOOE,3,4:40:24,5:50:35,1:10:11,0:35:05
751387,BETHEDE,4,4:41:16,5:51:17,1:10:01,0:35:00
751387,BETDIEE,5,4:41:00,5:52:00,1:11:00,0:35:30
751387,BETOLGE,6,4:41:26,5:52:37,1:11:11,0:35:36
751387,BETREEE,7,4:42:18,5:53:18,1:11:00,0:35:30
751387,BETPORE,8,4:42:48,5:53:58,1:11:10,0:35:35
751387,GODBETS,9,4:43:43,5:54:54,1:11:11,0:35:35
751387,GODLANSE,10,4:44:24,5:55:35,1:11:11,0:35:35
751387,GODCHEE,11,4:45:00,5:56:00,1:11:00,0:35:30
751387,KENWEYS,12,4:46:02,5:57:03,1:11:01,0:35:31
751387,KENMERS,13,4:46:30,5:57:40,1:11:10,0:35:35
751387,KENFOLS,14,4:48:21,5:58:31,1:10:10,0:35:05
751387,KENWINS,15,4:49:16,5:59:27,1:10:11,0:35:05
751387,KENPARS,16,5:00:13,6:00:14,1:00:01,0:30:01
751387,KENMCCS,17,5:01:00,6:01:00,1:00:00,0:30:00
751387,KENMILS,18,5:01:29,6:01:39,1:00:10,0:30:05
751387,KENRUES,19,5:01:33,6:02:44,1:01:11,0:30:36
751387,NORCLEE,20,5:02:18,6:03:28,1:01:10,0:30:35
751387,NORSHAE,21,5:02:42,6:03:53,1:01:11,0:30:36
751387,NORENTE,22,5:04:00,6:05:00,1:01:00,0:30:30
751387,OLEUNIS,23,5:06:04,6:07:05,1:01:01,0:30:30
751387,OLERIVS1,24,5:08:00,6:08:00,1:00:00,0:30:00
751387,OLEHARS2,25,5:08:36,6:08:47,1:00:11,0:30:05
751387,OLE2825S,26,5:09:06,6:09:07,1:00:01,0:30:01
751387,OLEACKS,27,5:09:36,6:09:47,1:00:11,0:30:05
751387,OLEARGS,28,5:10:22,6:10:33,1:00:11,0:30:05
751387,LANOLEE,29,5:11:26,6:11:37,1:00:11,0:30:06
751387,LANTUTE,30,5:11:19,6:12:29,1:01:10,0:30:35
751387,LANNEIE,31,5:12:00,6:13:00,1:01:00,0:30:30
751387,HIGLANS,32,5:13:13,6:14:24,1:01:11,0:30:36
751387,HIG18TS,33,5:14:13,6:15:24,1:01:11,0:30:36
751387,HIG15TS,34,5:15:12,6:16:23,1:01:11,0:30:35
751387,HIG13TS,35,5:16:09,6:17:09,1:01:00,0:30:30
751387,HIGCHIS,36,5:18:00,6:18:00,1:00:00,0:30:00
751387,HIG10TS,37,5:18:31,6:18:41,1:00:10,0:30:05
751387,NHIGMCMS,38,5:19:26,6:19:37,1:00:11,0:30:05
751387,HIGCLAS,39,5:10:14,6:20:15,1:10:01,0:35:01
751387,HIG5THS,40,5:11:00,6:21:00,1:10:00,0:35:00
751387,HIG4THS,41,5:11:23,6:21:34,1:10:11,0:35:06
751387,NHIW2S,42,5:11:22,6:22:33,1:11:11,0:35:35
751387,HIGHUBS,43,5:12:26,6:23:37,1:11:11,0:35:36
751387,HIGRUSS,44,5:13:30,6:24:40,1:11:10,0:35:35
751387,HIGSWANS,45,5:14:11,6:25:22,1:11:11,0:35:36
751387,HIGOHIS,46,5:15:18,6:26:18,1:11:00,0:35:30
751387,HIGNATS,47,5:16:00,6:27:00,1:11:00,0:35:30
751387,HIGLONS,48,5:18:00,6:28:00,1:10:00,0:35:00
751387,HIGBROS,49,5:20:00,6:30:00,1:10:00,0:35:00
751387,HIGSTAS,50,5:21:16,6:31:27,1:10:11,0:35:06
751387,HIGTOWS,51,5:21:31,6:32:42,1:11:11,0:35:35
751387,HIGMAIS2,52,5:23:09,6:34:09,1:11:00,0:35:30
751387,HIGMOUS,53,5:24:00,6:35:00,1:11:00,0:35:30
751387,LIV3RDE,54,5:25:01,6:36:01,1:11:00,0:35:30
751387,LIV4THE,55,5:25:35,6:36:46,1:11:11,0:35:36
751387,LIV6THE,56,5:26:15,6:37:16,1:11:01,0:35:31
751387,LIVGRANE,57,5:26:31,6:37:41,1:11:10,0:35:35
751387,LIVPARE,58,5:29:00,6:39:00,1:10:00,0:35:00
751387,LIVANNE,59,5:29:11,6:39:22,1:10:11,0:35:05
751387,LIV18TE,60,5:29:34,6:39:45,1:10:11,0:35:05
751387,LIVCARE,61,5:30:09,6:40:09,1:10:00,0:35:00
751387,LIV22NE,62,5:30:26,6:40:37,1:10:11,0:35:05
751387,LIVCHAE,63,5:31:00,6:41:00,1:10:00,0:35:00
751387,LIVWILE,64,5:31:20,6:41:30,1:10:10,0:35:05
751387,LIVSTUE,65,5:31:04,6:42:05,1:11:01,0:35:30
751387,LIVKELE,66,5:32:00,6:43:00,1:11:00,0:35:30
751387,LIVBERE,67,5:32:14,6:43:25,1:11:11,0:35:35
751387,LIVBULE,68,5:33:18,6:44:18,1:11:00,0:35:30
751387,LIVRHOE,69,5:33:29,6:44:39,1:11:10,0:35:35
751387,LIVMEME,70,5:34:08,6:45:08,1:11:00,0:35:30
751387,LIVMAYE,71,5:35:06,6:46:07,1:11:01,0:35:31
751387,LIVCOLE,72,5:36:00,6:47:00,1:11:00,0:35:30
751387,LIVCASE,73,5:36:19,6:47:29,1:11:10,0:35:35
751387,LIVROOE,74,5:38:04,6:48:05,1:10:01,0:35:00
751387,LIVCHEE,75,5:38:19,6:48:29,1:10:10,0:35:05
751387,LIVBROE1,76,5:38:43,6:48:54,1:10:11,0:35:05
751387,LIVWELE,77,5:39:16,6:49:17,1:10:01,0:35:00
751387,LIVKELE1,78,5:39:25,6:49:36,1:10:11,0:35:06
751387,LIVJAME,79,5:40:00,6:50:00,1:10:00,0:35:00
751387,LIVZETE,80,5:40:34,6:50:45,1:10:11,0:35:06
751387,LIVBARE,81,5:41:12,6:51:23,1:10:11,0:35:06
751387,LIVCUNE,82,5:41:01,6:52:02,1:11:01,0:35:30
751387,LIVCOUE,83,5:41:42,6:52:53,1:11:11,0:35:35
751387,LIVBEEE,84,5:42:12,6:53:13,1:11:01,0:35:31
751387,LIVVILE,85,5:42:25,6:53:36,1:11:11,0:35:36
751387,LIVYEAE,86,5:43:11,6:54:11,1:11:00,0:35:30
751387,LIVBURE,87,5:43:42,6:54:53,1:11:11,0:35:35
751387,LIVGRAE,88,5:44:15,6:55:26,1:11:11,0:35:36
751387,LIVHAME,89,5:45:00,6:56:00,1:11:00,0:35:30
751387,LIVSHAE,90,5:45:35,6:56:46,1:11:11,0:35:36
751387,LIVLATE,91,5:46:16,6:57:27,1:11:11,0:35:35
751387,LIVNOEE,92,5:49:21,6:59:32,1:10:11,0:35:06
751387,LIVLONE,93,6:00:00,7:00:00,1:00:00,0:30:00
751387,LIVBAIE,94,6:01:18,7:01:28,1:00:10,0:30:05
751387,LIVQUAE,95,6:01:10,7:02:10,1:01:00,0:30:30
751387,LIVWALE,96,6:01:45,7:02:56,1:01:11,0:30:35
751387,LIVSARE,97,6:02:20,7:03:30,1:01:10,0:30:35
751387,LIVBRIE,98,6:03:31,7:04:41,1:01:10,0:30:35
751387,EASOFFE,99,6:05:06,7:06:07,1:01:01,0:30:30
751387,REYRIDSW,100,6:06:00,7:07:00,1:01:00,0:30:30
751388,PICBETS,1,4:49:00,5:59:00,1:10:00,0:35:00
751388,2425BET,2,4:49:42,5:59:53,1:10:11,0:35:05
751388,BETWOOE,3,5:00:24,6:00:35,1:00:11,0:30:05
751388,BETHEDE,4,5:01:16,6:01:17,1:00:01,0:30:01
751388,BETDIEE,5,5:01:00,6:02:00,1:01:00,0:30:30
751388,BETOLGE,6,5:01:26,6:02:37,1:01:11,0:30:35
751388,BETREEE,7,5:02:18,6:03:18,1:01:00,0:30:30
751388,BETPORE,8,5:02:48,6:03:58,1:01:10,0:30:35
751388,GODBETS,9,5:03:43,6:04:54,1:01:11,0:30:36
751388,GODLANSE,10,5:04:24,6:05:35,1:01:11,0:30:36
751388,GODCHEE,11,5:05:00,6:06:00,1:01:00,0:30:30
751388,KENWEYS,12,5:06:02,6:07:03,1:01:01,0:30:31
751388,KENMERS,13,5:06:30,6:07:40,1:01:10,0:30:35
751388,KENFOLS,14,5:08:21,6:08:31,1:00:10,0:30:05
751388,KENWINS,15,5:09:16,6:09:27,1:00:11,0:30:05
751388,KENPARS,16,5:10:13,6:10:14,1:00:01,0:30:00
751388,KENMCCS,17,5:11:00,6:11:00,1:00:00,0:30:00
751388,KENMILS,18,5:11:29,6:11:39,1:00:10,0:30:05
751388,KENRUES,19,5:11:33,6:12:44,1:01:11,0:30:36
751388,NORCLEE,20,5:12:18,6:13:28,1:01:10,0:30:35
751388,NORSHAE,21,5:12:42,6:13:53,1:01:11,0:30:35
751388,NORENTE,22,5:14:00,6:15:00,1:01:00,0:30:30
751388,OLEUNIS,23,5:16:04,6:17:05,1:01:01,0:30:31
751388,OLERIVS1,24,5:18:00,6:18:00,1:00:00,0:30:00
751388,OLEHARS2,25,5:18:36,6:18:47,1:00:11,0:30:06
751388,OLE2825S,26,5:19:06,6:19:07,1:00:01,0:30:00
751388,OLEACKS,27,5:19:36,6:19:47,1:00:11,0:30:05
751388,OLEARGS,28,5:10:22,6:20:33,1:10:11,0:35:05
751388,LANOLEE,29,5:11:26,6:21:37,1:10:11,0:35:06
751388,LANTUTE,30,5:11:19,6:22:29,1:11:10,0:35:35
751388,LANNEIE,31,5:12:00,6:23:00,1:11:00,0:35:30
751388,HIGLANS,32,5:13:13,6:24:24,1:11:11,0:35:35
751388,HIG18TS,33,5:14:13,6:25:24,1:11:11,0:35:35
751388,HIG15TS,34,5:15:12,6:26:23,1:11:11,0:35:36
751388,HIG13TS,35,5:16:09,6:27:09,1:11:00,0:35:30
751388,HIGCHIS,36,5:18:00,6:28:00,1:10:00,0:35:00
751388,HIG10TS,37,5:18:31,6:28:41,1:10:10,0:35:05
751388,NHIGMCMS,38,5:19:26,6:29:37,1:10:11,0:35:06
751388,HIGCLAS,39,5:20:14,6:30:15,1:10:01,0:35:00
751388,HIG5THS,40,5:21:00,6:31:00,1:10:00,0:35:00
751388,HIG4THS,41,5:21:23,6:31:34,1:10:11,0:35:06
751388,NHIW2S,42,5:21:22,6:32:33,1:11:11,0:35:36
751388,HIGHUBS,43,5:22:26,6:33:37,1:11:11,0:35:36
751388,HIGRUSS,44,5:23:30,6:34:40,1:11:10,0:35:35
751388,HIGSWANS,45,5:24:11,6:35:22,1:11:11,0:35:35
751388,HIGOHIS,46,5:25:18,6:36:18,1:11:00,0:35:30
751388,HIGNATS,47,5:26:00,6:37:00,1:11:00,0:35:30
751388,HIGLONS,48,5:28:00,6:38:00,1:10:00,0:35:00
751388,HIGBROS,49,5:30:00,6:40:00,1:10:00,0:35:00
751388,HIGSTAS,50,5:31:16,6:41:27,1:10:11,0:35:06
751388,HIGTOWS,51,5:31:31,6:42:42,1:11:11,0:35:36
751388,HIGMAIS2,52,5:33:09,6:44:09,1:11:00,0:35:30
751388,HIGMOUS,53,5:34:00,6:45:00,1:11:00,0:35:30
751388,LIV3RDE,54,5:35:01,6:46:01,1:11:00,0:35:30
751388,LIV4THE,55,5:35:35,6:46:46,1:11:11,0:35:35
751388,LIV6THE,56,5:36:15,6:47:16,1:11:01,0:35:30
751388,LIVGRANE,57,5:36:31,6:47:41,1:11:10,0:35:35
751388,LIVPARE,58,5:39:00,6:49:00,1:10:00,0:35:00
751388,LIVANNE,59,5:39:11,6:49:22,1:10:11,0:35:05
751388,LIV18TE,60,5:39:34,6:49:45,1:10:11,0:35:06
751388,LIVCARE,61,5:40:09,6:50:09,1:10:00,0:35:00
751388,LIV22NE,62,5:40:26,6:50:37,1:10:11,0:35:05
751388,LIVCHAE,63,5:41:00,6:51:00,1:10:00,0:35:00
751388,LIVWILE,64,5:41:20,6:51:30,1:10:10,0:35:05
751388,LIVSTUE,65,5:41:04,6:52:05,1:11:01,0:35:30
751388,LIVKELE,66,5:42:00,6:53:00,1:11:00,0:35:30
751388,LIVBERE,67,5:42:14,6:53:25,1:11:11,0:35:35
751388,LIVBULE,68,5:43:18,6:54:18,1:11:00,0:35:30
751388,LIVRHOE,69,5:43:29,6:54:39,1:11:10,0:35:35
751388,LIVMEME,70,5:44:08,6:55:08,1:11:00,0:35:30
751388,LIVMAYE,71,5:45:06,6:56:07,1:11:01,0:35:30
751388,LIVCOLE,72,5:46:00,6:57:00,1:11:00,0:35:30
751388,LIVCASE,73,5:46:19,6:57:29,1:11:10,0:35:35
751388,LIVROOE,74,5:48:04,6:58:05,1:10:01,0:35:01
751388,LIVCHEE,75,5:48:19,6:58:29,1:10:10,0:35:05
751388,LIVBROE1,76,5:48:43,6:58:54,1:10:11,0:35:06
751388,LIVWELE,77,5:49:16,6:59:17,1:10:01,0:35:00
751388,LIVKELE1,78,5:49:25,6:59:36,1:10:11,0:35:05
751388,LIVJAME,79,6:00:00,7:00:00,1:00:00,0:30:00
751388,LIVZETE,80,6:00:34,7:00:45,1:00:11,0:30:06
751388,LIVBARE,81,6:01:12,7:01:23,1:00:11,0:30:06
751388,LIVCUNE,82,6:01:01,7:02:02,1:01:01,0:30:30
751388,LIVCOUE,83,6:01:42,7:02:53,1:01:11,0:30:36
751388,LIVBEEE,84,6:02:12,7:03:13,1:01:01,0:30:30
751388,LIVVILE,85,6:02:25,7:03:36,1:01:11,0:30:35
751388,LIVYEAE,86,6:03:11,7:04:11,1:01:00,0:30:30
751388,LIVBURE,87,6:03:42,7:04:53,1:01:11,0:30:36
751388,LIVGRAE,88,6:04:15,7:05:26,1:01:11,0:30:35
751388,LIVHAME,89,6:05:00,7:06:00,1:01:00,0:30:30
751388,LIVSHAE,90,6:05:35,7:06:46,1:01:11,0:30:35
751388,LIVLATE,91,6:06:16,7:07:27,1:01:11,0:30:35
751388,LIVNOEE,92,6:09:21,7:09:32,1:00:11,0:30:05
751388,LIVLONE,93,6:10:00,7:10:00,1:00:00,0:30:00
751388,LIVBAIE,94,6:11:18,7:11:28,1:00:10,0:30:05
751388,LIVQUAE,95,6:11:10,7:12:10,1:01:00,0:30:30
751388,LIVWALE,96,6:11:45,7:12:56,1:01:11,0:30:36
751388,LIVSARE,97,6:12:20,7:13:30,1:01:10,0:30:35
751388,LIVBRIE,98,6:13:31,7:14:41,1:01:10,0:30:35
751388,EASOFFE,99,6:15:06,7:16:07,1:01:01,0:30:30
751388,REYRIDSW,100,6:16:00,7:17:00,1:01:00,0:30:30
751389,PICBETS,1,5:08:00,6:08:00,1:00:00,0:30:00
751389,2425BET,2,5:08:42,6:08:53,1:00:11,0:30:06
751389,BETWOOE,3,5:09:24,6:09:35,1:00:11,0:30:06
751389,BETHEDE,4,5:10:16,6:10:17,1:00:01,0:30:00
751389,BETDIEE,5,5:11:00,6:11:00,1:00:00,0:30:00
751389,BETOLGE,6,5:11:26,6:11:37,1:00:11,0:30:06
751389,BETREEE,7,5:11:18,6:12:18,1:01:00,0:30:30
751389,BETPORE,8,5:11:48,6:12:58,1:01:10,0:30:35
751389,GODBETS,9,5:12:43,6:13:54,1:01:11,0:30:35
751389,GODLANSE,10,5:13:24,6:14:35,1:01:11,0:30:35
751389,GODCHEE,11,5:14:00,6:15:00,1:01:00,0:30:30
751389,KENWEYS,12,5:15:02,6:16:03,1:01:01,0:30:31
751389,KENMERS,13,5:15:30,6:16:40,1:01:10,0:30:35
751389,KENFOLS,14,5:16:21,6:17:31,1:01:10,0:30:35
751389,KENWINS,15,5:18:16,6:18:27,1:00:11,0:30:06
751389,KENPARS,16,5:19:13,6:19:14,1:00:01,0:30:01
751389,KENMCCS,17,5:10:00,6:20:00,1:10:00,0:35:00
751389,KENMILS,18,5:10:29,6:20:39,1:10:10,0:35:05
751389,KENRUES,19,5:11:33,6:21:44,1:10:11,0:35:06
751389,NORCLEE,20,5:11:18,6:22:28,1:11:10,0:35:35
751389,NORSHAE,21,5:11:42,6:22:53,1:11:11,0:35:36
751389,NORENTE,22,5:13:00,6:24:00,1:11:00,0:35:30
751389,OLEUNIS,23,5:15:04,6:26:05,1:11:01,0:35:30
751389,OLERIVS1,24,5:16:00,6:27:00,1:11:00,0:35:30
751389,OLEHARS2,25,5:16:36,6:27:47,1:11:11,0:35:36
751389,OLE2825S,26,5:18:06,6:28:07,1:10:01,0:35:01
751389,OLEACKS,27,5:18:36,6:28:47,1:10:11,0:35:06
751389,OLEARGS,28,5:19:22,6:29:33,1:10:11,0:35:05
751389,LANOLEE,29,5:20:26,6:30:37,1:10:11,0:35:06
751389,LANTUTE,30,5:21:19,6:31:29,1:10:10,0:35:05
751389,LANNEIE,31,5:21:00,6:32:00,1:11:00,0:35:30
751389,HIGLANS,32,5:22:13,6:33:24,1:11:11,0:35:36
751389,HIG18TS,33,5:23:13,6:34:24,1:11:11,0:35:36
751389,HIG15TS,34,5:24:12,6:35:23,1:11:11,0:35:35
751389,HIG13TS,35,5:25:09,6:36:09,1:11:00,0:35:30
751389,HIGCHIS,36,5:26:00,6:37:00,1:11:00,0:35:30
751389,HIG10TS,37,5:26:44,6:37:55,1:11:11,0:35:36
751389,NHIGMCMS,38,5:29:09,6:39:09,1:10:00,0:35:00
751389,HIGCLAS,39,5:30:00,6:40:00,1:10:00,0:35:00
751389,HIG5THS,40,5:31:00,6:41:00,1:10:00,0:35:00
751389,HIG4THS,41,5:31:23,6:41:34,1:10:11,0:35:05
751389,NHIW2S,42,5:31:22,6:42:33,1:11:11,0:35:36
751389,HIGHUBS,43,5:32:26,6:43:37,1:11:11,0:35:35
751389,HIGRUSS,44,5:33:30,6:44:40,1:11:10,0:35:35
751389,HIGSWANS,45,5:34:11,6:45:22,1:11:11,0:35:35
751389,HIGOHIS,46,5:35:18,6:46:18,1:11:00,0:35:30
751389,HIGNATS,47,5:36:00,6:47:00,1:11:00,0:35:30
751389,HIGLONS,48,5:38:00,6:48:00,1:10:00,0:35:00
751389,HIGBROS,49,5:40:00,6:50:00,1:10:00,0:35:00
751389,HIGSTAS,50,5:41:16,6:51:27,1:10:11,0:35:05
751389,HIGTOWS,51,5:41:31,6:52:42,1:11:11,0:35:36
751389,HIGMAIS2,52,5:43:09,6:54:09,1:11:00,0:35:30
751389,HIGMOUS,53,5:44:00,6:55:00,1:11:00,0:35:30
751389,LIV3RDE,54,5:45:01,6:56:01,1:11:00,0:35:30
751389,LIV4THE,55,5:45:35,6:56:46,1:11:11,0:35:36
751389,LIV6THE,56,5:46:15,6:57:16,1:11:01,0:35:31
751389,LIVGRANE,57,5:46:31,6:57:41,1:11:10,0:35:35
751389,LIVPARE,58,5:49:00,6:59:00,1:10:00,0:35:00
751389,LIVANNE,59,5:49:11,6:59:22,1:10:11,0:35:06
751389,LIV18TE,60,5:49:34,6:59:45,1:10:11,0:35:05
751389,LIVCARE,61,6:00:09,7:00:09,1:00:00,0:30:00
751389,LIV22NE,62,6:00:26,7:00:37,1:00:11,0:30:05
751389,LIVCHAE,63,6:01:00,7:01:00,1:00:00,0:30:00
751389,LIVWILE,64,6:01:20,7:01:30,1:00:10,0:30:05
751389,LIVSTUE,65,6:01:04,7:02:05,1:01:01,0:30:30
751389,LIVKELE,66,6:02:00,7:03:00,1:01:00,0:30:30
751389,LIVBERE,67,6:02:14,7:03:25,1:01:11,0:30:36
751389,LIVBULE,68,6:03:18,7:04:18,1:01:00,0:30:30
751389,LIVRHOE,69,6:03:29,7:04:39,1:01:10,0:30:35
751389,LIVMEME,70,6:04:08,7:05:08,1:01:00,0:30:30
751389,LIVMAYE,71,6:05:06,7:06:07,1:01:01,0:30:30
751389,LIVCOLE,72,6:06:00,7:07:00,1:01:00,0:30:30
751389,LIVCASE,73,6:06:19,7:07:29,1:01:10,0:30:35
751389,LIVROOE,74,6:08:04,7:08:05,1:00:01,0:30:00
751389,LIVCHEE,75,6:08:19,7:08:29,1:00:10,0:30:05
751389,LIVBROE1,76,6:08:43,7:08:54,1:00:11,0:30:06
751389,LIVWELE,77,6:09:16,7:09:17,1:00:01,0:30:00
751389,LIVKELE1,78,6:09:25,7:09:36,1:00:11,0:30:06
751389,LIVJAME,79,6:10:00,7:10:00,1:00:00,0:30:00
751389,LIVZETE,80,6:10:34,7:10:45,1:00:11,0:30:05
751389,LIVBARE,81,6:11:12,7:11:23,1:00:11,0:30:06
751389,LIVCUNE,82,6:11:01,7:12:02,1:01:01,0:30:31
751389,LIVCOUE,83,6:11:42,7:12:53,1:01:11,0:30:36
751389,LIVBEEE,84,6:12:12,7:13:13,1:01:01,0:30:30
751389,LIVVILE,85,6:12:25,7:13:36,1:01:11,0:30:35
751389,LIVYEAE,86,6:13:11,7:14:11,1:01:00,0:30:30
751389,LIVBURE,87,6:13:42,7:14:53,1:01:11,0:30:36
751389,LIVGRAE,88,6:14:15,7:15:26,1:01:11,0:30:36
751389,LIVHAME,89,6:15:00,7:16:00,1:01:00,0:30:30
751389,LIVSHAE,90,6:15:35,7:16:46,1:01:11,0:30:36
751389,LIVLATE,91,6:16:16,7:17:27,1:01:11,0:30:36
751389,LIVNOEE,92,6:19:21,7:19:32,1:00:11,0:30:06
751389,LIVLONE,93,6:10:00,7:20:00,1:10:00,0:35:00
751389,LIVBAIE,94,6:11:18,7:21:28,1:10:10,0:35:05
751389,LIVQUAE,95,6:11:10,7:22:10,1:11:00,0:35:30
751389,LIVWALE,96,6:11:45,7:22:56,1:11:11,0:35:35
751389,LIVSARE,97,6:12:20,7:23:30,1:11:10,0:35:35
751389,LIVBRIE,98,6:13:31,7:24:41,1:11:10,0:35:35
751389,EASOFFE,99,6:15:06,7:26:07,1:11:01,0:35:30
751389,REYRIDSW,100,6:16:00,7:27:00,1:11:00,0:35:30
751390,PICBETS,1,5:18:00,6:18:00,1:00:00,0:30:00
751390,2425BET,2,5:18:42,6:18:53,1:00:11,0:30:06
751390,BETWOOE,3,5:19:24,6:19:35,1:00:11,0:30:05
751390,BETHEDE,4,5:10:16,6:20:17,1:10:01,0:35:01
751390,BETDIEE,5,5:11:00,6:21:00,1:10:00,0:35:00
751390,BETOLGE,6,5:11:26,6:21:37,1:10:11,0:35:06
751390,BETREEE,7,5:11:18,6:22:18,1:11:00,0:35:30
751390,BETPORE,8,5:11:48,6:22:58,1:11:10,0:35:35
751390,GODBETS,9,5:12:43,6:23:54,1:11:11,0:35:35
751390,GODLANSE,10,5:13:24,6:24:35,1:11:11,0:35:35
751390,GODCHEE,11,5:14:00,6:25:00,1:11:00,0:35:30
751390,KENWEYS,12,5:15:02,6:26:03,1:11:01,0:35:30
751390,KENMERS,13,5:15:30,6:26:40,1:11:10,0:35:35
751390,KENFOLS,14,5:16:21,6:27:31,1:11:10,0:35:35
751390,KENWINS,15,5:18:16,6:28:27,1:10:11,0:35:06
751390,KENPARS,16,5:19:13,6:29:14,1:10:01,0:35:00
751390,KENMCCS,17,5:20:00,6:30:00,1:10:00,0:35:00
751390,KENMILS,18,5:20:29,6:30:39,1:10:10,0:35:05
751390,KENRUES,19,5:21:33,6:31:44,1:10:11,0:35:05
751390,NORCLEE,20,5:21:18,6:32:28,1:11:10,0:35:35
751390,NORSHAE,21,5:21:42,6:32:53,1:11:11,0:35:36
751390,NORENTE,22,5:23:00,6:34:00,1:11:00,0:35:30
751390,OLEUNIS,23,5:25:04,6:36:05,1:11:01,0:35:31
751390,OLERIVS1,24,5:26:00,6:37:00,1:11:00,0:35:30
751390,OLEHARS2,25,5:26:36,6:37:47,1:11:11,0:35:35
751390,OLE2825S,26,5:28:06,6:38:07,1:10:01,0:35:00
751390,OLEACKS,27,5:28:36,6:38:47,1:10:11,0:35:05
751390,OLEARGS,28,5:29:22,6:39:33,1:10:11,0:35:06
751390,LANOLEE,29,5:30:26,6:40:37,1:10:11,0:35:05
751390,LANTUTE,30,5:31:19,6:41:29,1:10:10,0:35:05
751390,LANNEIE,31,5:31:00,6:42:00,1:11:00,0:35:30
751390,HIGLANS,32,5:32:13,6:43:24,1:11:11,0:35:36
751390,HIG18TS,33,5:33:13,6:44:24,1:11:11,0:35:35
751390,HIG15TS,34,5:34:12,6:45:23,1:11:11,0:35:36
751390,HIG13TS,35,5:35:09,6:46:09,1:11:00,0:35:30
751390,HIGCHIS,36,5:36:00,6:47:00,1:11:00,0:35:30
751390,HIG10TS,37,5:36:44,6:47:55,1:11:11,0:35:36
751390,NHIGMCMS,38,5:39:09,6:49:09,1:10:00,0:35:00
751390,HIGCLAS,39,5:40:00,6:50:00,1:10:00,0:35:00
751390,HIG5THS,40,5:41:00,6:51:00,1:10:00,0:35:00
751390,HIG4THS,41,5:41:23,6:51:34,1:10:11,0:35:05
751390,NHIW2S,42,5:41:22,6:52:33,1:11:11,0:35:35
751390,HIGHUBS,43,5:42:26,6:53:37,1:11:11,0:35:35
751390,HIGRUSS,44,5:43:30,6:54:40,1:11:10,0:35:35
751390,HIGSWANS,45,5:44:11,6:55:22,1:11:11,0:35:36
751390,HIGOHIS,46,5:45:18,6:56:18,1:11:00,0:35:30
751390,HIGNATS,47,5:46:00,6:57:00,1:11:00,0:35:30
751390,HIGLONS,48,5:48:00,6:58:00,1:10:00,0:35:00
751390,HIGBROS,49,6:00:00,7:00:00,1:00:00,0:30:00
751390,HIGSTAS,50,6:01:16,7:01:27,1:00:11,0:30:06
751390,HIGTOWS,51,6:01:31,7:02:42,1:01:11,0:30:35
751390,HIGMAIS2,52,6:03:09,7:04:09,1:01:00,0:30:30
751390,HIGMOUS,53,6:04:00,7:05:00,1:01:00,0:30:30
751390,LIV3RDE,54,6:05:01,7:06:01,1:01:00,0:30:30
751390,LIV4THE,55,6:05:35,7:06:46,1:01:11,0:30:35
751390,LIV6THE,56,6:06:15,7:07:16,1:01:01,0:30:30
751390,LIVGRANE,57,6:06:31,7:07:41,1:01:10,0:30:35
751390,LIVPARE,58,6:09:00,7:09:00,1:00:00,0:30:00
751390,LIVANNE,59,6:09:11,7:09:22,1:00:11,0:30:06
751390,LIV18TE,60,6:09:34,7:09:45,1:00:11,0:30:05
751390,LIVCARE,61,6:10:09,7:10:09,1:00:00,0:30:00
751390,LIV22NE,62,6:10:26,7:10:37,1:00:11,0:30:06
751390,LIVCHAE,63,6:11:00,7:11:00,1:00:00,0:30:00
751390,LIVWILE,64,6:11:20,7:11:30,1:00:10,0:30:05
751390,LIVSTUE,65,6:11:04,7:12:05,1:01:01,0:30:31
751390,LIVKELE,66,6:12:00,7:13:00,1:01:00,0:30:30
751390,LIVBERE,67,6:12:14,7:13:25,1:01:11,0:30:36
751390,LIVBULE,68,6:13:18,7:14:18,1:01:00,0:30:30
751390,LIVRHOE,69,6:13:29,7:14:39,1:01:10,0:30:35
751390,LIVMEME,70,6:14:08,7:15:08,1:01:00,0:30:30
751390,LIVMAYE,71,6:15:06,7:16:07,1:01:01,0:30:30
751390,LIVCOLE,72,6:16:00,7:17:00,1:01:00,0:30:30
751390,LIVCASE,73,6:16:19,7:17:29,1:01:10,0:30:35
751390,LIVROOE,74,6:18:04,7:18:05,1:00:01,0:30:01
751390,LIVCHEE,75,6:18:19,7:18:29,1:00:10,0:30:05
751390,LIVBROE1,76,6:18:43,7:18:54,1:00:11,0:30:06
751390,LIVWELE,77,6:19:16,7:19:17,1:00:01,0:30:00
751390,LIVKELE1,78,6:19:25,7:19:36,1:00:11,0:30:06
751390,LIVJAME,79,6:10:00,7:20:00,1:10:00,0:35:00
751390,LIVZETE,80,6:10:34,7:20:45,1:10:11,0:35:05
751390,LIVBARE,81,6:11:12,7:21:23,1:10:11,0:35:05
751390,LIVCUNE,82,6:11:01,7:22:02,1:11:01,0:35:31
751390,LIVCOUE,83,6:11:42,7:22:53,1:11:11,0:35:35
751390,LIVBEEE,84,6:12:12,7:23:13,1:11:01,0:35:31
751390,LIVVILE,85,6:12:25,7:23:36,1:11:11,0:35:35
751390,LIVYEAE,86,6:13:11,7:24:11,1:11:00,0:35:30
751390,LIVBURE,87,6:13:42,7:24:53,1:11:11,0:35:35
751390,LIVGRAE,88,6:14:15,7:25:26,1:11:11,0:35:35
751390,LIVHAME,89,6:15:00,7:26:00,1:11:00,0:35:30
751390,LIVSHAE,90,6:15:35,7:26:46,1:11:11,0:35:35
751390,LIVLATE,91,6:16:16,7:27:27,1:11:11,0:35:35
751390,LIVNOEE,92,6:19:21,7:29:32,1:10:11,0:35:05
751390,LIVLONE,93,6:20:00,7:30:00,1:10:00,0:35:00
751390,LIVBAIE,94,6:21:18,7:31:28,1:10:10,0:35:05
751390,LIVQUAE,95,6:21:10,7:32:10,1:11:00,0:35:30
751390,LIVWALE,96,6:21:45,7:32:56,1:11:11,0:35:35
751390,LIVSARE,97,6:22:20,7:33:30,1:11:10,0:35:35
751390,LIVBRIE,98,6:23:31,7:34:41,1:11:10,0:35:35
751390,EASOFFE,99,6:25:06,7:36:07,1:11:01,0:35:31
751390,REYRIDSW,100,6:26:00,7:37:00,1:11:00,0:35:30
