trip_id,stop_id,stop_sequence,arrival_time,departure_time,ETA
751381,PICBETS,1,03:40:00,04:50:00,11:00:00
751381,2425BET,2,03:40:42,04:50:53,11:01:01
751381,BETWOOE,3,03:41:24,04:51:35,11:01:01
751381,BETHEDE,4,03:41:16,04:52:17,11:10:01
751381,BETDIEE,5,03:42:00,04:53:00,11:10:00
751381,BETOLGE,6,03:42:26,04:53:37,11:11:01
751381,BETREEE,7,03:43:18,04:54:18,11:10:00
751381,BETPORE,8,03:43:48,04:54:58,11:11:00
751381,GODBETS,9,03:44:43,04:55:54,11:11:01
751381,GODLANSE,10,03:45:24,04:56:35,11:11:01
751381,GODCHEE,11,03:46:00,04:57:00,11:10:00
751381,KENWEYS,12,03:48:02,04:58:03,11:00:01
751381,KENMERS,13,03:48:30,04:58:40,11:01:00
751381,KENFOLS,14,03:49:21,04:59:31,11:01:00
751381,KENWINS,15,04:00:16,05:00:27,10:01:01
751381,KENPARS,16,04:01:13,05:01:14,10:00:01
751381,KENMCCS,17,04:01:00,05:02:00,10:10:00
751381,KENMILS,18,04:01:29,05:02:39,10:11:00
751381,KENRUES,19,04:02:33,05:03:44,10:11:01
751381,NORCLEE,20,04:03:18,05:04:28,10:11:00
751381,NORSHAE,21,04:03:42,05:04:53,10:11:01
751381,NORENTE,22,04:05:00,05:06:00,10:10:00
751381,OLEUNIS,23,04:08:04,05:08:05,10:00:01
751381,OLERIVS1,24,04:09:00,05:09:00,10:00:00
751381,OLEHARS2,25,04:09:36,05:09:47,10:01:01
751381,OLE2825S,26,04:10:06,05:10:07,10:00:01
751381,OLEACKS,27,04:10:36,05:10:47,10:01:01
751381,OLEARGS,28,04:11:22,05:11:33,10:01:01
751381,LANOLEE,29,04:11:26,05:12:37,10:11:01
751381,LANTUTE,30,04:12:19,05:13:29,10:11:00
751381,LANNEIE,31,04:13:00,05:14:00,10:10:00
751381,HIGLANS,32,04:14:13,05:15:24,10:11:01
751381,HIG18TS,33,04:15:13,05:16:24,10:11:01
751381,HIG15TS,34,04:16:12,05:17:23,10:11:01
751381,HIG13TS,35,04:18:09,05:18:09,10:00:00
751381,HIGCHIS,36,04:19:00,05:19:00,10:00:00
751381,HIG10TS,37,04:19:31,05:19:41,10:01:00
751381,NHIGMCMS,38,04:10:26,05:20:37,11:01:01
751381,HIGCLAS,39,04:11:14,05:21:15,11:00:01
751381,HIG5THS,40,04:11:00,05:22:00,11:10:00
751381,HIG4THS,41,04:11:18,05:22:28,11:11:00
751381,NHIW2S,42,04:12:16,05:23:17,11:10:01
751381,HIGHUBS,43,04:13:10,05:24:10,11:10:00
751381,HIGRUSS,44,04:14:01,05:25:02,11:10:01
751381,HIGSWANS,45,04:14:26,05:25:37,11:11:01
751381,HIGOHIS,46,04:15:13,05:26:24,11:11:01
751381,HIGNATS,47,04:16:00,05:27:00,11:10:00
751381,HIGLONS,48,04:18:00,05:28:00,11:00:00
751381,HIGBROS,49,04:20:00,05:30:00,11:00:00
751381,HIGSTAS,50,04:21:16,05:31:27,11:01:01
751381,HIGTOWS,51,04:21:31,05:32:42,11:11:01
751381,HIGMAIS2,52,04:23:09,05:34:09,11:10:00
751381,HIGMOUS,53,04:24:00,05:35:00,11:10:00
751381,LIV3RDE,54,04:25:01,05:36:01,11:10:00
751381,LIV4THE,55,04:25:35,05:36:46,11:11:01
751381,LIV6THE,56,04:26:15,05:37:16,11:10:01
751381,LIVGRANE,57,04:26:31,05:37:41,11:11:00
751381,LIVPARE,58,04:29:00,05:39:00,11:00:00
751381,LIVANNE,59,04:29:11,05:39:22,11:01:01
751381,LIV18TE,60,04:29:34,05:39:45,11:01:01
751381,LIVCARE,61,04:30:09,05:40:09,11:00:00
751381,LIV22NE,62,04:30:26,05:40:37,11:01:01
751381,LIVCHAE,63,04:31:00,05:41:00,11:00:00
751381,LIVWILE,64,04:31:20,05:41:30,11:01:00
751381,LIVSTUE,65,04:31:04,05:42:05,11:10:01
751381,LIVKELE,66,04:32:00,05:43:00,11:10:00
751381,LIVBERE,67,04:32:14,05:43:25,11:11:01
751381,LIVBULE,68,04:33:18,05:44:18,11:10:00
751381,LIVRHOE,69,04:33:29,05:44:39,11:11:00
751381,LIVMEME,70,04:34:08,05:45:08,11:10:00
751381,LIVMAYE,71,04:35:06,05:46:07,11:10:01
751381,LIVCOLE,72,04:36:00,05:47:00,11:10:00
751381,LIVCASE,73,04:36:19,05:47:29,11:11:00
751381,LIVROOE,74,04:38:04,05:48:05,11:00:01
751381,LIVCHEE,75,04:38:19,05:48:29,11:01:00
751381,LIVBROE1,76,04:38:43,05:48:54,11:01:01
751381,LIVWELE,77,04:39:16,05:49:17,11:00:01
751381,LIVKELE1,78,04:39:25,05:49:36,11:01:01
751381,LIVJAME,79,04:40:00,05:50:00,11:00:00
751381,LIVZETE,80,04:40:34,05:50:45,11:01:01
751381,LIVBARE,81,04:41:12,05:51:23,11:01:01
751381,LIVCUNE,82,04:41:01,05:52:02,11:10:01
751381,LIVCOUE,83,04:41:42,05:52:53,11:11:01
751381,LIVBEEE,84,04:42:12,05:53:13,11:10:01
751381,LIVVILE,85,04:42:25,05:53:36,11:11:01
751381,LIVYEAE,86,04:43:11,05:54:11,11:10:00
751381,LIVBURE,87,04:43:42,05:54:53,11:11:01
751381,LIVGRAE,88,04:44:15,05:55:26,11:11:01
751381,LIVHAME,89,04:45:00,05:56:00,11:10:00
751381,LIVSHAE,90,04:45:35,05:56:46,11:11:01
751381,LIVLATE,91,04:46:16,05:57:27,11:11:01
751381,LIVNOEE,92,04:49:21,05:59:32,11:01:01
751381,LIVLONE,93,05:00:00,06:00:00,10:00:00
751381,LIVBAIE,94,05:01:18,06:01:28,10:01:00
751381,LIVQUAE,95,05:01:10,06:02:10,10:10:00
751381,LIVWALE,96,05:01:45,06:02:56,10:11:01
751381,LIVSARE,97,05:02:20,06:03:30,10:11:00
751381,LIVBRIE,98,05:03:31,06:04:41,10:11:00
751381,EASOFFE,99,05:05:06,06:06:07,10:10:01
751381,REYRIDSW,100,05:06:00,06:07:00,10:10:00
751382,PICBETS,1,04:00:00,05:00:00,10:00:00
751382,2425BET,2,04:00:42,05:00:53,10:01:01
751382,BETWOOE,3,04:01:24,05:01:35,10:01:01
751382,BETHEDE,4,04:01:16,05:02:17,10:10:01
751382,BETDIEE,5,04:02:00,05:03:00,10:10:00
751382,BETOLGE,6,04:02:26,05:03:37,10:11:01
751382,BETREEE,7,04:03:18,05:04:18,10:10:00
751382,BETPORE,8,04:03:48,05:04:58,10:11:00
751382,GODBETS,9,04:04:43,05:05:54,10:11:01
751382,GODLANSE,10,04:05:24,05:06:35,10:11:01
751382,GODCHEE,11,04:06:00,05:07:00,10:10:00
751382,KENWEYS,12,04:08:02,05:08:03,10:00:01
751382,KENMERS,13,04:08:30,05:08:40,10:01:00
751382,KENFOLS,14,04:09:21,05:09:31,10:01:00
751382,KENWINS,15,04:10:16,05:10:27,10:01:01
751382,KENPARS,16,04:11:13,05:11:14,10:00:01
751382,KENMCCS,17,04:11:00,05:12:00,10:10:00
751382,KENMILS,18,04:11:29,05:12:39,10:11:00
751382,KENRUES,19,04:12:33,05:13:44,10:11:01
751382,NORCLEE,20,04:13:18,05:14:28,10:11:00
751382,NORSHAE,21,04:13:42,05:14:53,10:11:01
751382,NORENTE,22,04:15:00,05:16:00,10:10:00
751382,OLEUNIS,23,04:18:04,05:18:05,10:00:01
751382,OLERIVS1,24,04:19:00,05:19:00,10:00:00
751382,OLEHARS2,25,04:19:36,05:19:47,10:01:01
751382,OLE2825S,26,04:10:06,05:20:07,11:00:01
751382,OLEACKS,27,04:10:36,05:20:47,11:01:01
751382,OLEARGS,28,04:11:22,05:21:33,11:01:01
751382,LANOLEE,29,04:11:26,05:22:37,11:11:01
751382,LANTUTE,30,04:12:19,05:23:29,11:11:00
751382,LANNEIE,31,04:13:00,05:24:00,11:10:00
751382,HIGLANS,32,04:14:13,05:25:24,11:11:01
751382,HIG18TS,33,04:15:13,05:26:24,11:11:01
751382,HIG15TS,34,04:16:12,05:27:23,11:11:01
751382,HIG13TS,35,04:18:09,05:28:09,11:00:00
751382,HIGCHIS,36,04:19:00,05:29:00,11:00:00
751382,HIG10TS,37,04:19:31,05:29:41,11:01:00
751382,NHIGMCMS,38,04:20:26,05:30:37,11:01:01
751382,HIGCLAS,39,04:21:14,05:31:15,11:00:01
751382,HIG5THS,40,04:21:00,05:32:00,11:10:00
751382,HIG4THS,41,04:21:18,05:32:28,11:11:00
751382,NHIW2S,42,04:22:16,05:33:17,11:10:01
751382,HIGHUBS,43,04:23:10,05:34:10,11:10:00
751382,HIGRUSS,44,04:24:01,05:35:02,11:10:01
751382,HIGSWANS,45,04:24:26,05:35:37,11:11:01
751382,HIGOHIS,46,04:25:13,05:36:24,11:11:01
751382,HIGNATS,47,04:26:00,05:37:00,11:10:00
751382,HIGLONS,48,04:28:00,05:38:00,11:00:00
751382,HIGBROS,49,04:30:00,05:40:00,11:00:00
751382,HIGSTAS,50,04:31:16,05:41:27,11:01:01
751382,HIGTOWS,51,04:31:31,05:42:42,11:11:01
751382,HIGMAIS2,52,04:33:09,05:44:09,11:10:00
751382,HIGMOUS,53,04:34:00,05:45:00,11:10:00
751382,LIV3RDE,54,04:35:01,05:46:01,11:10:00
751382,LIV4THE,55,04:35:35,05:46:46,11:11:01
751382,LIV6THE,56,04:36:15,05:47:16,11:10:01
751382,LIVGRANE,57,04:36:31,05:47:41,11:11:00
751382,LIVPARE,58,04:39:00,05:49:00,11:00:00
751382,LIVANNE,59,04:39:11,05:49:22,11:01:01
751382,LIV18TE,60,04:39:34,05:49:45,11:01:01
751382,LIVCARE,61,04:40:09,05:50:09,11:00:00
751382,LIV22NE,62,04:40:26,05:50:37,11:01:01
751382,LIVCHAE,63,04:41:00,05:51:00,11:00:00
751382,LIVWILE,64,04:41:20,05:51:30,11:01:00
751382,LIVSTUE,65,04:41:04,05:52:05,11:10:01
751382,LIVKELE,66,04:42:00,05:53:00,11:10:00
751382,LIVBERE,67,04:42:14,05:53:25,11:11:01
751382,LIVBULE,68,04:43:18,05:54:18,11:10:00
751382,LIVRHOE,69,04:43:29,05:54:39,11:11:00
751382,LIVMEME,70,04:44:08,05:55:08,11:10:00
751382,LIVMAYE,71,04:45:06,05:56:07,11:10:01
751382,LIVCOLE,72,04:46:00,05:57:00,11:10:00
751382,LIVCASE,73,04:46:19,05:57:29,11:11:00
751382,LIVROOE,74,04:48:04,05:58:05,11:00:01
751382,LIVCHEE,75,04:48:19,05:58:29,11:01:00
751382,LIVBROE1,76,04:48:43,05:58:54,11:01:01
751382,LIVWELE,77,04:49:16,05:59:17,11:00:01
751382,LIVKELE1,78,04:49:25,05:59:36,11:01:01
751382,LIVJAME,79,05:00:00,06:00:00,10:00:00
751382,LIVZETE,80,05:00:34,06:00:45,10:01:01
751382,LIVBARE,81,05:01:12,06:01:23,10:01:01
751382,LIVCUNE,82,05:01:01,06:02:02,10:10:01
751382,LIVCOUE,83,05:01:42,06:02:53,10:11:01
751382,LIVBEEE,84,05:02:12,06:03:13,10:10:01
751382,LIVVILE,85,05:02:25,06:03:36,10:11:01
751382,LIVYEAE,86,05:03:11,06:04:11,10:10:00
751382,LIVBURE,87,05:03:42,06:04:53,10:11:01
751382,LIVGRAE,88,05:04:15,06:05:26,10:11:01
751382,LIVHAME,89,05:05:00,06:06:00,10:10:00
751382,LIVSHAE,90,05:05:35,06:06:46,10:11:01
751382,LIVLATE,91,05:06:16,06:07:27,10:11:01
751382,LIVNOEE,92,05:09:21,06:09:32,10:01:01
751382,LIVLONE,93,05:10:00,06:10:00,10:00:00
751382,LIVBAIE,94,05:11:18,06:11:28,10:01:00
751382,LIVQUAE,95,05:11:10,06:12:10,10:10:00
751382,LIVWALE,96,05:11:45,06:12:56,10:11:01
751382,LIVSARE,97,05:12:20,06:13:30,10:11:00
751382,LIVBRIE,98,05:13:31,06:14:41,10:11:00
751382,EASOFFE,99,05:15:06,06:16:07,10:10:01
751382,REYRIDSW,100,05:16:00,06:17:00,10:10:00
751383,PICBETS,1,04:09:00,05:09:00,10:00:00
751383,2425BET,2,04:09:42,05:09:53,10:01:01
751383,BETWOOE,3,04:10:24,05:10:35,10:01:01
751383,BETHEDE,4,04:11:16,05:11:17,10:00:01
751383,BETDIEE,5,04:11:00,05:12:00,10:10:00
751383,BETOLGE,6,04:11:26,05:12:37,10:11:01
751383,BETREEE,7,04:12:18,05:13:18,10:10:00
751383,BETPORE,8,04:12:48,05:13:58,10:11:00
751383,GODBETS,9,04:13:43,05:14:54,10:11:01
751383,GODLANSE,10,04:14:24,05:15:35,10:11:01
751383,GODCHEE,11,04:15:00,05:16:00,10:10:00
751383,KENWEYS,12,04:16:02,05:17:03,10:10:01
751383,KENMERS,13,04:16:30,05:17:40,10:11:00
751383,KENFOLS,14,04:18:21,05:18:31,10:01:00
751383,KENWINS,15,04:19:16,05:19:27,10:01:01
751383,KENPARS,16,04:10:13,05:20:14,11:00:01
751383,KENMCCS,17,04:11:00,05:21:00,11:00:00
751383,KENMILS,18,04:11:29,05:21:39,11:01:00
751383,KENRUES,19,04:11:33,05:22:44,11:11:01
751383,NORCLEE,20,04:12:18,05:23:28,11:11:00
751383,NORSHAE,21,04:12:42,05:23:53,11:11:01
751383,NORENTE,22,04:14:00,05:25:00,11:10:00
751383,OLEUNIS,23,04:16:04,05:27:05,11:10:01
751383,OLERIVS1,24,04:18:00,05:28:00,11:00:00
751383,OLEHARS2,25,04:18:36,05:28:47,11:01:01
751383,OLE2825S,26,04:19:06,05:29:07,11:00:01
751383,OLEACKS,27,04:19:36,05:29:47,11:01:01
751383,OLEARGS,28,04:20:22,05:30:33,11:01:01
751383,LANOLEE,29,04:21:26,05:31:37,11:01:01
751383,LANTUTE,30,04:21:19,05:32:29,11:11:00
751383,LANNEIE,31,04:22:00,05:33:00,11:10:00
751383,HIGLANS,32,04:23:13,05:34:24,11:11:01
751383,HIG18TS,33,04:24:13,05:35:24,11:11:01
751383,HIG15TS,34,04:25:12,05:36:23,11:11:01
751383,HIG13TS,35,04:26:09,05:37:09,11:10:00
751383,HIGCHIS,36,04:28:00,05:38:00,11:00:00
751383,HIG10TS,37,04:28:31,05:38:41,11:01:00
751383,NHIGMCMS,38,04:29:26,05:39:37,11:01:01
751383,HIGCLAS,39,04:30:14,05:40:15,11:00:01
751383,HIG5THS,40,04:31:00,05:41:00,11:00:00
751383,HIG4THS,41,04:31:23,05:41:34,11:01:01
751383,NHIW2S,42,04:31:22,05:42:33,11:11:01
751383,HIGHUBS,43,04:32:26,05:43:37,11:11:01
751383,HIGRUSS,44,04:33:30,05:44:40,11:11:00
751383,HIGSWANS,45,04:34:11,05:45:22,11:11:01
751383,HIGOHIS,46,04:35:18,05:46:18,11:10:00
751383,HIGNATS,47,04:36:00,05:47:00,11:10:00
751383,HIGLONS,48,04:38:00,05:48:00,11:00:00
751383,HIGBROS,49,04:40:00,05:50:00,11:00:00
751383,HIGSTAS,50,04:41:16,05:51:27,11:01:01
751383,HIGTOWS,51,04:41:31,05:52:42,11:11:01
751383,HIGMAIS2,52,04:43:09,05:54:09,11:10:00
751383,HIGMOUS,53,04:44:00,05:55:00,11:10:00
751383,LIV3RDE,54,04:45:01,05:56:01,11:10:00
751383,LIV4THE,55,04:45:35,05:56:46,11:11:01
751383,LIV6THE,56,04:46:15,05:57:16,11:10:01
751383,LIVGRANE,57,04:46:31,05:57:41,11:11:00
751383,LIVPARE,58,04:49:00,05:59:00,11:00:00
751383,LIVANNE,59,04:49:11,05:59:22,11:01:01
751383,LIV18TE,60,04:49:34,05:59:45,11:01:01
751383,LIVCARE,61,05:00:09,06:00:09,10:00:00
751383,LIV22NE,62,05:00:26,06:00:37,10:01:01
751383,LIVCHAE,63,05:01:00,06:01:00,10:00:00
751383,LIVWILE,64,05:01:20,06:01:30,10:01:00
751383,LIVSTUE,65,05:01:04,06:02:05,10:10:01
751383,LIVKELE,66,05:02:00,06:03:00,10:10:00
751383,LIVBERE,67,05:02:14,06:03:25,10:11:01
751383,LIVBULE,68,05:03:18,06:04:18,10:10:00
751383,LIVRHOE,69,05:03:29,06:04:39,10:11:00
751383,LIVMEME,70,05:04:08,06:05:08,10:10:00
751383,LIVMAYE,71,05:05:06,06:06:07,10:10:01
751383,LIVCOLE,72,05:06:00,06:07:00,10:10:00
751383,LIVCASE,73,05:06:19,06:07:29,10:11:00
751383,LIVROOE,74,05:08:04,06:08:05,10:00:01
751383,LIVCHEE,75,05:08:19,06:08:29,10:01:00
751383,LIVBROE1,76,05:08:43,06:08:54,10:01:01
751383,LIVWELE,77,05:09:16,06:09:17,10:00:01
751383,LIVKELE1,78,05:09:25,06:09:36,10:01:01
751383,LIVJAME,79,05:10:00,06:10:00,10:00:00
751383,LIVZETE,80,05:10:34,06:10:45,10:01:01
751383,LIVBARE,81,05:11:12,06:11:23,10:01:01
751383,LIVCUNE,82,05:11:01,06:12:02,10:10:01
751383,LIVCOUE,83,05:11:42,06:12:53,10:11:01
751383,LIVBEEE,84,05:12:12,06:13:13,10:10:01
751383,LIVVILE,85,05:12:25,06:13:36,10:11:01
751383,LIVYEAE,86,05:13:11,06:14:11,10:10:00
751383,LIVBURE,87,05:13:42,06:14:53,10:11:01
751383,LIVGRAE,88,05:14:15,06:15:26,10:11:01
751383,LIVHAME,89,05:15:00,06:16:00,10:10:00
751383,LIVSHAE,90,05:15:35,06:16:46,10:11:01
751383,LIVLATE,91,05:16:16,06:17:27,10:11:01
751383,LIVNOEE,92,05:19:21,06:19:32,10:01:01
751383,LIVLONE,93,05:10:00,06:20:00,11:00:00
751383,LIVBAIE,94,05:11:18,06:21:28,11:01:00
751383,LIVQUAE,95,05:11:10,06:22:10,11:10:00
751383,LIVWALE,96,05:11:45,06:22:56,11:11:01
751383,LIVSARE,97,05:12:20,06:23:30,11:11:00
751383,LIVBRIE,98,05:13:31,06:24:41,11:11:00
751383,EASOFFE,99,05:15:06,06:26:07,11:10:01
751383,REYRIDSW,100,05:16:00,06:27:00,11:10:00
751384,PICBETS,1,04:19:00,05:19:00,10:00:00
751384,2425BET,2,04:19:42,05:19:53,10:01:01
751384,BETWOOE,3,04:10:24,05:20:35,11:01:01
751384,BETHEDE,4,04:11:16,05:21:17,11:00:01
751384,BETDIEE,5,04:11:00,05:22:00,11:10:00
751384,BETOLGE,6,04:11:26,05:22:37,11:11:01
751384,BETREEE,7,04:12:18,05:23:18,11:10:00
751384,BETPORE,8,04:12:48,05:23:58,11:11:00
751384,GODBETS,9,04:13:43,05:24:54,11:11:01
751384,GODLANSE,10,04:14:24,05:25:35,11:11:01
751384,GODCHEE,11,04:15:00,05:26:00,11:10:00
751384,KENWEYS,12,04:16:02,05:27:03,11:10:01
751384,KENMERS,13,04:16:30,05:27:40,11:11:00
751384,KENFOLS,14,04:18:21,05:28:31,11:01:00
751384,KENWINS,15,04:19:16,05:29:27,11:01:01
751384,KENPARS,16,04:20:13,05:30:14,11:00:01
751384,KENMCCS,17,04:21:00,05:31:00,11:00:00
751384,KENMILS,18,04:21:29,05:31:39,11:01:00
751384,KENRUES,19,04:21:33,05:32:44,11:11:01
751384,NORCLEE,20,04:22:18,05:33:28,11:11:00
751384,NORSHAE,21,04:22:42,05:33:53,11:11:01
751384,NORENTE,22,04:24:00,05:35:00,11:10:00
751384,OLEUNIS,23,04:26:04,05:37:05,11:10:01
751384,OLERIVS1,24,04:28:00,05:38:00,11:00:00
751384,OLEHARS2,25,04:28:36,05:38:47,11:01:01
751384,OLE2825S,26,04:29:06,05:39:07,11:00:01
751384,OLEACKS,27,04:29:36,05:39:47,11:01:01
751384,OLEARGS,28,04:30:22,05:40:33,11:01:01
751384,LANOLEE,29,04:31:26,05:41:37,11:01:01
751384,LANTUTE,30,04:31:19,05:42:29,11:11:00
751384,LANNEIE,31,04:32:00,05:43:00,11:10:00
751384,HIGLANS,32,04:33:13,05:44:24,11:11:01
751384,HIG18TS,33,04:34:13,05:45:24,11:11:01
751384,HIG15TS,34,04:35:12,05:46:23,11:11:01
751384,HIG13TS,35,04:36:09,05:47:09,11:10:00
751384,HIGCHIS,36,04:38:00,05:48:00,11:00:00
751384,HIG10TS,37,04:38:31,05:48:41,11:01:00
751384,NHIGMCMS,38,04:39:26,05:49:37,11:01:01
751384,HIGCLAS,39,04:40:14,05:50:15,11:00:01
751384,HIG5THS,40,04:41:00,05:51:00,11:00:00
751384,HIG4THS,41,04:41:23,05:51:34,11:01:01
751384,NHIW2S,42,04:41:22,05:52:33,11:11:01
751384,HIGHUBS,43,04:42:26,05:53:37,11:11:01
751384,HIGRUSS,44,04:43:30,05:54:40,11:11:00
751384,HIGSWANS,45,04:44:11,05:55:22,11:11:01
751384,HIGOHIS,46,04:45:18,05:56:18,11:10:00
751384,HIGNATS,47,04:46:00,05:57:00,11:10:00
751384,HIGLONS,48,04:48:00,05:58:00,11:00:00
751384,HIGBROS,49,05:00:00,06:00:00,10:00:00
751384,HIGSTAS,50,05:01:16,06:01:27,10:01:01
751384,HIGTOWS,51,05:01:31,06:02:42,10:11:01
751384,HIGMAIS2,52,05:03:09,06:04:09,10:10:00
751384,HIGMOUS,53,05:04:00,06:05:00,10:10:00
751384,LIV3RDE,54,05:05:01,06:06:01,10:10:00
751384,LIV4THE,55,05:05:35,06:06:46,10:11:01
751384,LIV6THE,56,05:06:15,06:07:16,10:10:01
751384,LIVGRANE,57,05:06:31,06:07:41,10:11:00
751384,LIVPARE,58,05:09:00,06:09:00,10:00:00
751384,LIVANNE,59,05:09:11,06:09:22,10:01:01
751384,LIV18TE,60,05:09:34,06:09:45,10:01:01
751384,LIVCARE,61,05:10:09,06:10:09,10:00:00
751384,LIV22NE,62,05:10:26,06:10:37,10:01:01
751384,LIVCHAE,63,05:11:00,06:11:00,10:00:00
751384,LIVWILE,64,05:11:20,06:11:30,10:01:00
751384,LIVSTUE,65,05:11:04,06:12:05,10:10:01
751384,LIVKELE,66,05:12:00,06:13:00,10:10:00
751384,LIVBERE,67,05:12:14,06:13:25,10:11:01
751384,LIVBULE,68,05:13:18,06:14:18,10:10:00
751384,LIVRHOE,69,05:13:29,06:14:39,10:11:00
751384,LIVMEME,70,05:14:08,06:15:08,10:10:00
751384,LIVMAYE,71,05:15:06,06:16:07,10:10:01
751384,LIVCOLE,72,05:16:00,06:17:00,10:10:00
751384,LIVCASE,73,05:16:19,06:17:29,10:11:00
751384,LIVROOE,74,05:18:04,06:18:05,10:00:01
751384,LIVCHEE,75,05:18:19,06:18:29,10:01:00
751384,LIVBROE1,76,05:18:43,06:18:54,10:01:01
751384,LIVWELE,77,05:19:16,06:19:17,10:00:01
751384,LIVKELE1,78,05:19:25,06:19:36,10:01:01
751384,LIVJAME,79,05:10:00,06:20:00,11:00:00
751384,LIVZETE,80,05:10:34,06:20:45,11:01:01
751384,LIVBARE,81,05:11:12,06:21:23,11:01:01
751384,LIVCUNE,82,05:11:01,06:22:02,11:10:01
751384,LIVCOUE,83,05:11:42,06:22:53,11:11:01
751384,LIVBEEE,84,05:12:12,06:23:13,11:10:01
751384,LIVVILE,85,05:12:25,06:23:36,11:11:01
751384,LIVYEAE,86,05:13:11,06:24:11,11:10:00
751384,LIVBURE,87,05:13:42,06:24:53,11:11:01
751384,LIVGRAE,88,05:14:15,06:25:26,11:11:01
751384,LIVHAME,89,05:15:00,06:26:00,11:10:00
751384,LIVSHAE,90,05:15:35,06:26:46,11:11:01
751384,LIVLATE,91,05:16:16,06:27:27,11:11:01
751384,LIVNOEE,92,05:19:21,06:29:32,11:01:01
751384,LIVLONE,93,05:20:00,06:30:00,11:00:00
751384,LIVBAIE,94,05:21:18,06:31:28,11:01:00
751384,LIVQUAE,95,05:21:10,06:32:10,11:10:00
751384,LIVWALE,96,05:21:45,06:32:56,11:11:01
751384,LIVSARE,97,05:22:20,06:33:30,11:11:00
751384,LIVBRIE,98,05:23:31,06:34:41,11:11:00
751384,EASOFFE,99,05:25:06,06:36:07,11:10:01
751384,REYRIDSW,100,05:26:00,06:37:00,11:10:00
751385,PICBETS,1,04:19:00,05:29:00,11:00:00
751385,2425BET,2,04:19:42,05:29:53,11:01:01
751385,BETWOOE,3,04:20:24,05:30:35,11:01:01
751385,BETHEDE,4,04:21:16,05:31:17,11:00:01
751385,BETDIEE,5,04:21:00,05:32:00,11:10:00
751385,BETOLGE,6,04:21:26,05:32:37,11:11:01
751385,BETREEE,7,04:22:18,05:33:18,11:10:00
751385,BETPORE,8,04:22:48,05:33:58,11:11:00
751385,GODBETS,9,04:23:43,05:34:54,11:11:01
751385,GODLANSE,10,04:24:24,05:35:35,11:11:01
751385,GODCHEE,11,04:25:00,05:36:00,11:10:00
751385,KENWEYS,12,04:26:02,05:37:03,11:10:01
751385,KENMERS,13,04:26:30,05:37:40,11:11:00
751385,KENFOLS,14,04:28:21,05:38:31,11:01:00
751385,KENWINS,15,04:29:16,05:39:27,11:01:01
751385,KENPARS,16,04:30:13,05:40:14,11:00:01
751385,KENMCCS,17,04:31:00,05:41:00,11:00:00
751385,KENMILS,18,04:31:29,05:41:39,11:01:00
751385,KENRUES,19,04:31:33,05:42:44,11:11:01
751385,NORCLEE,20,04:32:18,05:43:28,11:11:00
751385,NORSHAE,21,04:32:42,05:43:53,11:11:01
751385,NORENTE,22,04:34:00,05:45:00,11:10:00
751385,OLEUNIS,23,04:36:04,05:47:05,11:10:01
751385,OLERIVS1,24,04:38:00,05:48:00,11:00:00
751385,OLEHARS2,25,04:38:36,05:48:47,11:01:01
751385,OLE2825S,26,04:39:06,05:49:07,11:00:01
751385,OLEACKS,27,04:39:36,05:49:47,11:01:01
751385,OLEARGS,28,04:40:22,05:50:33,11:01:01
751385,LANOLEE,29,04:41:26,05:51:37,11:01:01
751385,LANTUTE,30,04:41:19,05:52:29,11:11:00
751385,LANNEIE,31,04:42:00,05:53:00,11:10:00
751385,HIGLANS,32,04:43:13,05:54:24,11:11:01
751385,HIG18TS,33,04:44:13,05:55:24,11:11:01
751385,HIG15TS,34,04:45:12,05:56:23,11:11:01
751385,HIG13TS,35,04:46:09,05:57:09,11:10:00
751385,HIGCHIS,36,04:48:00,05:58:00,11:00:00
751385,HIG10TS,37,04:48:31,05:58:41,11:01:00
751385,NHIGMCMS,38,04:49:26,05:59:37,11:01:01
751385,HIGCLAS,39,05:00:14,06:00:15,10:00:01
751385,HIG5THS,40,05:01:00,06:01:00,10:00:00
751385,HIG4THS,41,05:01:23,06:01:34,10:01:01
751385,NHIW2S,42,05:01:22,06:02:33,10:11:01
751385,HIGHUBS,43,05:02:26,06:03:37,10:11:01
751385,HIGRUSS,44,05:03:30,06:04:40,10:11:00
751385,HIGSWANS,45,05:04:11,06:05:22,10:11:01
751385,HIGOHIS,46,05:05:18,06:06:18,10:10:00
751385,HIGNATS,47,05:06:00,06:07:00,10:10:00
751385,HIGLONS,48,05:08:00,06:08:00,10:00:00
751385,HIGBROS,49,05:10:00,06:10:00,10:00:00
751385,HIGSTAS,50,05:11:16,06:11:27,10:01:01
751385,HIGTOWS,51,05:11:31,06:12:42,10:11:01
751385,HIGMAIS2,52,05:13:09,06:14:09,10:10:00
751385,HIGMOUS,53,05:14:00,06:15:00,10:10:00
751385,LIV3RDE,54,05:15:01,06:16:01,10:10:00
751385,LIV4THE,55,05:15:35,06:16:46,10:11:01
751385,LIV6THE,56,05:16:15,06:17:16,10:10:01
751385,LIVGRANE,57,05:16:31,06:17:41,10:11:00
751385,LIVPARE,58,05:19:00,06:19:00,10:00:00
751385,LIVANNE,59,05:19:11,06:19:22,10:01:01
751385,LIV18TE,60,05:19:34,06:19:45,10:01:01
751385,LIVCARE,61,05:10:09,06:20:09,11:00:00
751385,LIV22NE,62,05:10:26,06:20:37,11:01:01
751385,LIVCHAE,63,05:11:00,06:21:00,11:00:00
751385,LIVWILE,64,05:11:20,06:21:30,11:01:00
751385,LIVSTUE,65,05:11:04,06:22:05,11:10:01
751385,LIVKELE,66,05:12:00,06:23:00,11:10:00
751385,LIVBERE,67,05:12:14,06:23:25,11:11:01
751385,LIVBULE,68,05:13:18,06:24:18,11:10:00
751385,LIVRHOE,69,05:13:29,06:24:39,11:11:00
751385,LIVMEME,70,05:14:08,06:25:08,11:10:00
751385,LIVMAYE,71,05:15:06,06:26:07,11:10:01
751385,LIVCOLE,72,05:16:00,06:27:00,11:10:00
751385,LIVCASE,73,05:16:19,06:27:29,11:11:00
751385,LIVROOE,74,05:18:04,06:28:05,11:00:01
751385,LIVCHEE,75,05:18:19,06:28:29,11:01:00
751385,LIVBROE1,76,05:18:43,06:28:54,11:01:01
751385,LIVWELE,77,05:19:16,06:29:17,11:00:01
751385,LIVKELE1,78,05:19:25,06:29:36,11:01:01
751385,LIVJAME,79,05:20:00,06:30:00,11:00:00
751385,LIVZETE,80,05:20:34,06:30:45,11:01:01
751385,LIVBARE,81,05:21:12,06:31:23,11:01:01
751385,LIVCUNE,82,05:21:01,06:32:02,11:10:01
751385,LIVCOUE,83,05:21:42,06:32:53,11:11:01
751385,LIVBEEE,84,05:22:12,06:33:13,11:10:01
751385,LIVVILE,85,05:22:25,06:33:36,11:11:01
751385,LIVYEAE,86,05:23:11,06:34:11,11:10:00
751385,LIVBURE,87,05:23:42,06:34:53,11:11:01
751385,LIVGRAE,88,05:24:15,06:35:26,11:11:01
751385,LIVHAME,89,05:25:00,06:36:00,11:10:00
751385,LIVSHAE,90,05:25:35,06:36:46,11:11:01
751385,LIVLATE,91,05:26:16,06:37:27,11:11:01
751385,LIVNOEE,92,05:29:21,06:39:32,11:01:01
751385,LIVLONE,93,05:30:00,06:40:00,11:00:00
751385,LIVBAIE,94,05:31:18,06:41:28,11:01:00
751385,LIVQUAE,95,05:31:10,06:42:10,11:10:00
751385,LIVWALE,96,05:31:45,06:42:56,11:11:01
751385,LIVSARE,97,05:32:20,06:43:30,11:11:00
751385,LIVBRIE,98,05:33:31,06:44:41,11:11:00
751385,EASOFFE,99,05:35:06,06:46:07,11:10:01
751385,REYRIDSW,100,05:36:00,06:47:00,11:10:00
751386,PICBETS,1,04:29:00,05:39:00,11:00:00
751386,2425BET,2,04:29:42,05:39:53,11:01:01
751386,BETWOOE,3,04:30:24,05:40:35,11:01:01
751386,BETHEDE,4,04:31:16,05:41:17,11:00:01
751386,BETDIEE,5,04:31:00,05:42:00,11:10:00
751386,BETOLGE,6,04:31:26,05:42:37,11:11:01
751386,BETREEE,7,04:32:18,05:43:18,11:10:00
751386,BETPORE,8,04:32:48,05:43:58,11:11:00
751386,GODBETS,9,04:33:43,05:44:54,11:11:01
751386,GODLANSE,10,04:34:24,05:45:35,11:11:01
751386,GODCHEE,11,04:35:00,05:46:00,11:10:00
751386,KENWEYS,12,04:36:02,05:47:03,11:10:01
751386,KENMERS,13,04:36:30,05:47:40,11:11:00
751386,KENFOLS,14,04:38:21,05:48:31,11:01:00
751386,KENWINS,15,04:39:16,05:49:27,11:01:01
751386,KENPARS,16,04:40:13,05:50:14,11:00:01
751386,KENMCCS,17,04:41:00,05:51:00,11:00:00
751386,KENMILS,18,04:41:29,05:51:39,11:01:00
751386,KENRUES,19,04:41:33,05:52:44,11:11:01
751386,NORCLEE,20,04:42:18,05:53:28,11:11:00
751386,NORSHAE,21,04:42:42,05:53:53,11:11:01
751386,NORENTE,22,04:44:00,05:55:00,11:10:00
751386,OLEUNIS,23,04:46:04,05:57:05,11:10:01
751386,OLERIVS1,24,04:48:00,05:58:00,11:00:00
751386,OLEHARS2,25,04:48:36,05:58:47,11:01:01
751386,OLE2825S,26,04:49:06,05:59:07,11:00:01
751386,OLEACKS,27,04:49:36,05:59:47,11:01:01
751386,OLEARGS,28,05:00:22,06:00:33,10:01:01
751386,LANOLEE,29,05:01:26,06:01:37,10:01:01
751386,LANTUTE,30,05:01:19,06:02:29,10:11:00
751386,LANNEIE,31,05:02:00,06:03:00,10:10:00
751386,HIGLANS,32,05:03:13,06:04:24,10:11:01
751386,HIG18TS,33,05:04:13,06:05:24,10:11:01
751386,HIG15TS,34,05:05:12,06:06:23,10:11:01
751386,HIG13TS,35,05:06:09,06:07:09,10:10:00
751386,HIGCHIS,36,05:08:00,06:08:00,10:00:00
751386,HIG10TS,37,05:08:31,06:08:41,10:01:00
751386,NHIGMCMS,38,05:09:26,06:09:37,10:01:01
751386,HIGCLAS,39,05:10:14,06:10:15,10:00:01
751386,HIG5THS,40,05:11:00,06:11:00,10:00:00
751386,HIG4THS,41,05:11:23,06:11:34,10:01:01
751386,NHIW2S,42,05:11:22,06:12:33,10:11:01
751386,HIGHUBS,43,05:12:26,06:13:37,10:11:01
751386,HIGRUSS,44,05:13:30,06:14:40,10:11:00
751386,HIGSWANS,45,05:14:11,06:15:22,10:11:01
751386,HIGOHIS,46,05:15:18,06:16:18,10:10:00
751386,HIGNATS,47,05:16:00,06:17:00,10:10:00
751386,HIGLONS,48,05:18:00,06:18:00,10:00:00
751386,HIGBROS,49,05:10:00,06:20:00,11:00:00
751386,HIGSTAS,50,05:11:16,06:21:27,11:01:01
751386,HIGTOWS,51,05:11:31,06:22:42,11:11:01
751386,HIGMAIS2,52,05:13:09,06:24:09,11:10:00
751386,HIGMOUS,53,05:14:00,06:25:00,11:10:00
751386,LIV3RDE,54,05:15:01,06:26:01,11:10:00
751386,LIV4THE,55,05:15:35,06:26:46,11:11:01
751386,LIV6THE,56,05:16:15,06:27:16,11:10:01
751386,LIVGRANE,57,05:16:31,06:27:41,11:11:00
751386,LIVPARE,58,05:19:00,06:29:00,11:00:00
751386,LIVANNE,59,05:19:11,06:29:22,11:01:01
751386,LIV18TE,60,05:19:34,06:29:45,11:01:01
751386,LIVCARE,61,05:20:09,06:30:09,11:00:00
751386,LIV22NE,62,05:20:26,06:30:37,11:01:01
751386,LIVCHAE,63,05:21:00,06:31:00,11:00:00
751386,LIVWILE,64,05:21:20,06:31:30,11:01:00
751386,LIVSTUE,65,05:21:04,06:32:05,11:10:01
751386,LIVKELE,66,05:22:00,06:33:00,11:10:00
751386,LIVBERE,67,05:22:14,06:33:25,11:11:01
751386,LIVBULE,68,05:23:18,06:34:18,11:10:00
751386,LIVRHOE,69,05:23:29,06:34:39,11:11:00
751386,LIVMEME,70,05:24:08,06:35:08,11:10:00
751386,LIVMAYE,71,05:25:06,06:36:07,11:10:01
751386,LIVCOLE,72,05:26:00,06:37:00,11:10:00
751386,LIVCASE,73,05:26:19,06:37:29,11:11:00
751386,LIVROOE,74,05:28:04,06:38:05,11:00:01
751386,LIVCHEE,75,05:28:19,06:38:29,11:01:00
751386,LIVBROE1,76,05:28:43,06:38:54,11:01:01
751386,LIVWELE,77,05:29:16,06:39:17,11:00:01
751386,LIVKELE1,78,05:29:25,06:39:36,11:01:01
751386,LIVJAME,79,05:30:00,06:40:00,11:00:00
751386,LIVZETE,80,05:30:34,06:40:45,11:01:01
751386,LIVBARE,81,05:31:12,06:41:23,11:01:01
751386,LIVCUNE,82,05:31:01,06:42:02,11:10:01
751386,LIVCOUE,83,05:31:42,06:42:53,11:11:01
751386,LIVBEEE,84,05:32:12,06:43:13,11:10:01
751386,LIVVILE,85,05:32:25,06:43:36,11:11:01
751386,LIVYEAE,86,05:33:11,06:44:11,11:10:00
751386,LIVBURE,87,05:33:42,06:44:53,11:11:01
751386,LIVGRAE,88,05:34:15,06:45:26,11:11:01
751386,LIVHAME,89,05:35:00,06:46:00,11:10:00
751386,LIVSHAE,90,05:35:35,06:46:46,11:11:01
751386,LIVLATE,91,05:36:16,06:47:27,11:11:01
751386,LIVNOEE,92,05:39:21,06:49:32,11:01:01
751386,LIVLONE,93,05:40:00,06:50:00,11:00:00
751386,LIVBAIE,94,05:41:18,06:51:28,11:01:00
751386,LIVQUAE,95,05:41:10,06:52:10,11:10:00
751386,LIVWALE,96,05:41:45,06:52:56,11:11:01
751386,LIVSARE,97,05:42:20,06:53:30,11:11:00
751386,LIVBRIE,98,05:43:31,06:54:41,11:11:00
751386,EASOFFE,99,05:45:06,06:56:07,11:10:01
751386,REYRIDSW,100,05:46:00,06:57:00,11:10:00
751387,PICBETS,1,04:39:00,05:49:00,11:00:00
751387,2425BET,2,04:39:42,05:49:53,11:01:01
751387,BETWOOE,3,04:40:24,05:50:35,11:01:01
751387,BETHEDE,4,04:41:16,05:51:17,11:00:01
751387,BETDIEE,5,04:41:00,05:52:00,11:10:00
751387,BETOLGE,6,04:41:26,05:52:37,11:11:01
751387,BETREEE,7,04:42:18,05:53:18,11:10:00
751387,BETPORE,8,04:42:48,05:53:58,11:11:00
751387,GODBETS,9,04:43:43,05:54:54,11:11:01
751387,GODLANSE,10,04:44:24,05:55:35,11:11:01
751387,GODCHEE,11,04:45:00,05:56:00,11:10:00
751387,KENWEYS,12,04:46:02,05:57:03,11:10:01
751387,KENMERS,13,04:46:30,05:57:40,11:11:00
751387,KENFOLS,14,04:48:21,05:58:31,11:01:00
751387,KENWINS,15,04:49:16,05:59:27,11:01:01
751387,KENPARS,16,05:00:13,06:00:14,10:00:01
751387,KENMCCS,17,05:01:00,06:01:00,10:00:00
751387,KENMILS,18,05:01:29,06:01:39,10:01:00
751387,KENRUES,19,05:01:33,06:02:44,10:11:01
751387,NORCLEE,20,05:02:18,06:03:28,10:11:00
751387,NORSHAE,21,05:02:42,06:03:53,10:11:01
751387,NORENTE,22,05:04:00,06:05:00,10:10:00
751387,OLEUNIS,23,05:06:04,06:07:05,10:10:01
751387,OLERIVS1,24,05:08:00,06:08:00,10:00:00
751387,OLEHARS2,25,05:08:36,06:08:47,10:01:01
751387,OLE2825S,26,05:09:06,06:09:07,10:00:01
751387,OLEACKS,27,05:09:36,06:09:47,10:01:01
751387,OLEARGS,28,05:10:22,06:10:33,10:01:01
751387,LANOLEE,29,05:11:26,06:11:37,10:01:01
751387,LANTUTE,30,05:11:19,06:12:29,10:11:00
751387,LANNEIE,31,05:12:00,06:13:00,10:10:00
751387,HIGLANS,32,05:13:13,06:14:24,10:11:01
751387,HIG18TS,33,05:14:13,06:15:24,10:11:01
751387,HIG15TS,34,05:15:12,06:16:23,10:11:01
751387,HIG13TS,35,05:16:09,06:17:09,10:10:00
751387,HIGCHIS,36,05:18:00,06:18:00,10:00:00
751387,HIG10TS,37,05:18:31,06:18:41,10:01:00
751387,NHIGMCMS,38,05:19:26,06:19:37,10:01:01
751387,HIGCLAS,39,05:10:14,06:20:15,11:00:01
751387,HIG5THS,40,05:11:00,06:21:00,11:00:00
751387,HIG4THS,41,05:11:23,06:21:34,11:01:01
751387,NHIW2S,42,05:11:22,06:22:33,11:11:01
751387,HIGHUBS,43,05:12:26,06:23:37,11:11:01
751387,HIGRUSS,44,05:13:30,06:24:40,11:11:00
751387,HIGSWANS,45,05:14:11,06:25:22,11:11:01
751387,HIGOHIS,46,05:15:18,06:26:18,11:10:00
751387,HIGNATS,47,05:16:00,06:27:00,11:10:00
751387,HIGLONS,48,05:18:00,06:28:00,11:00:00
751387,HIGBROS,49,05:20:00,06:30:00,11:00:00
751387,HIGSTAS,50,05:21:16,06:31:27,11:01:01
751387,HIGTOWS,51,05:21:31,06:32:42,11:11:01
751387,HIGMAIS2,52,05:23:09,06:34:09,11:10:00
751387,HIGMOUS,53,05:24:00,06:35:00,11:10:00
751387,LIV3RDE,54,05:25:01,06:36:01,11:10:00
751387,LIV4THE,55,05:25:35,06:36:46,11:11:01
751387,LIV6THE,56,05:26:15,06:37:16,11:10:01
751387,LIVGRANE,57,05:26:31,06:37:41,11:11:00
751387,LIVPARE,58,05:29:00,06:39:00,11:00:00
751387,LIVANNE,59,05:29:11,06:39:22,11:01:01
751387,LIV18TE,60,05:29:34,06:39:45,11:01:01
751387,LIVCARE,61,05:30:09,06:40:09,11:00:00
751387,LIV22NE,62,05:30:26,06:40:37,11:01:01
751387,LIVCHAE,63,05:31:00,06:41:00,11:00:00
751387,LIVWILE,64,05:31:20,06:41:30,11:01:00
751387,LIVSTUE,65,05:31:04,06:42:05,11:10:01
751387,LIVKELE,66,05:32:00,06:43:00,11:10:00
751387,LIVBERE,67,05:32:14,06:43:25,11:11:01
751387,LIVBULE,68,05:33:18,06:44:18,11:10:00
751387,LIVRHOE,69,05:33:29,06:44:39,11:11:00
751387,LIVMEME,70,05:34:08,06:45:08,11:10:00
751387,LIVMAYE,71,05:35:06,06:46:07,11:10:01
751387,LIVCOLE,72,05:36:00,06:47:00,11:10:00
751387,LIVCASE,73,05:36:19,06:47:29,11:11:00
751387,LIVROOE,74,05:38:04,06:48:05,11:00:01
751387,LIVCHEE,75,05:38:19,06:48:29,11:01:00
751387,LIVBROE1,76,05:38:43,06:48:54,11:01:01
751387,LIVWELE,77,05:39:16,06:49:17,11:00:01
751387,LIVKELE1,78,05:39:25,06:49:36,11:01:01
751387,LIVJAME,79,05:40:00,06:50:00,11:00:00
751387,LIVZETE,80,05:40:34,06:50:45,11:01:01
751387,LIVBARE,81,05:41:12,06:51:23,11:01:01
751387,LIVCUNE,82,05:41:01,06:52:02,11:10:01
751387,LIVCOUE,83,05:41:42,06:52:53,11:11:01
751387,LIVBEEE,84,05:42:12,06:53:13,11:10:01
751387,LIVVILE,85,05:42:25,06:53:36,11:11:01
751387,LIVYEAE,86,05:43:11,06:54:11,11:10:00
751387,LIVBURE,87,05:43:42,06:54:53,11:11:01
751387,LIVGRAE,88,05:44:15,06:55:26,11:11:01
751387,LIVHAME,89,05:45:00,06:56:00,11:10:00
751387,LIVSHAE,90,05:45:35,06:56:46,11:11:01
751387,LIVLATE,91,05:46:16,06:57:27,11:11:01
751387,LIVNOEE,92,05:49:21,06:59:32,11:01:01
751387,LIVLONE,93,06:00:00,07:00:00,10:00:00
751387,LIVBAIE,94,06:01:18,07:01:28,10:01:00
751387,LIVQUAE,95,06:01:10,07:02:10,10:10:00
751387,LIVWALE,96,06:01:45,07:02:56,10:11:01
751387,LIVSARE,97,06:02:20,07:03:30,10:11:00
751387,LIVBRIE,98,06:03:31,07:04:41,10:11:00
751387,EASOFFE,99,06:05:06,07:06:07,10:10:01
751387,REYRIDSW,100,06:06:00,07:07:00,10:10:00
751388,PICBETS,1,04:49:00,05:59:00,11:00:00
751388,2425BET,2,04:49:42,05:59:53,11:01:01
751388,BETWOOE,3,05:00:24,06:00:35,10:01:01
751388,BETHEDE,4,05:01:16,06:01:17,10:00:01
751388,BETDIEE,5,05:01:00,06:02:00,10:10:00
751388,BETOLGE,6,05:01:26,06:02:37,10:11:01
751388,BETREEE,7,05:02:18,06:03:18,10:10:00
751388,BETPORE,8,05:02:48,06:03:58,10:11:00
751388,GODBETS,9,05:03:43,06:04:54,10:11:01
751388,GODLANSE,10,05:04:24,06:05:35,10:11:01
751388,GODCHEE,11,05:05:00,06:06:00,10:10:00
751388,KENWEYS,12,05:06:02,06:07:03,10:10:01
751388,KENMERS,13,05:06:30,06:07:40,10:11:00
751388,KENFOLS,14,05:08:21,06:08:31,10:01:00
751388,KENWINS,15,05:09:16,06:09:27,10:01:01
751388,KENPARS,16,05:10:13,06:10:14,10:00:01
751388,KENMCCS,17,05:11:00,06:11:00,10:00:00
751388,KENMILS,18,05:11:29,06:11:39,10:01:00
751388,KENRUES,19,05:11:33,06:12:44,10:11:01
751388,NORCLEE,20,05:12:18,06:13:28,10:11:00
751388,NORSHAE,21,05:12:42,06:13:53,10:11:01
751388,NORENTE,22,05:14:00,06:15:00,10:10:00
751388,OLEUNIS,23,05:16:04,06:17:05,10:10:01
751388,OLERIVS1,24,05:18:00,06:18:00,10:00:00
751388,OLEHARS2,25,05:18:36,06:18:47,10:01:01
751388,OLE2825S,26,05:19:06,06:19:07,10:00:01
751388,OLEACKS,27,05:19:36,06:19:47,10:01:01
751388,OLEARGS,28,05:10:22,06:20:33,11:01:01
751388,LANOLEE,29,05:11:26,06:21:37,11:01:01
751388,LANTUTE,30,05:11:19,06:22:29,11:11:00
751388,LANNEIE,31,05:12:00,06:23:00,11:10:00
751388,HIGLANS,32,05:13:13,06:24:24,11:11:01
751388,HIG18TS,33,05:14:13,06:25:24,11:11:01
751388,HIG15TS,34,05:15:12,06:26:23,11:11:01
751388,HIG13TS,35,05:16:09,06:27:09,11:10:00
751388,HIGCHIS,36,05:18:00,06:28:00,11:00:00
751388,HIG10TS,37,05:18:31,06:28:41,11:01:00
751388,NHIGMCMS,38,05:19:26,06:29:37,11:01:01
751388,HIGCLAS,39,05:20:14,06:30:15,11:00:01
751388,HIG5THS,40,05:21:00,06:31:00,11:00:00
751388,HIG4THS,41,05:21:23,06:31:34,11:01:01
751388,NHIW2S,42,05:21:22,06:32:33,11:11:01
751388,HIGHUBS,43,05:22:26,06:33:37,11:11:01
751388,HIGRUSS,44,05:23:30,06:34:40,11:11:00
751388,HIGSWANS,45,05:24:11,06:35:22,11:11:01
751388,HIGOHIS,46,05:25:18,06:36:18,11:10:00
751388,HIGNATS,47,05:26:00,06:37:00,11:10:00
751388,HIGLONS,48,05:28:00,06:38:00,11:00:00
751388,HIGBROS,49,05:30:00,06:40:00,11:00:00
751388,HIGSTAS,50,05:31:16,06:41:27,11:01:01
751388,HIGTOWS,51,05:31:31,06:42:42,11:11:01
751388,HIGMAIS2,52,05:33:09,06:44:09,11:10:00
751388,HIGMOUS,53,05:34:00,06:45:00,11:10:00
751388,LIV3RDE,54,05:35:01,06:46:01,11:10:00
751388,LIV4THE,55,05:35:35,06:46:46,11:11:01
751388,LIV6THE,56,05:36:15,06:47:16,11:10:01
751388,LIVGRANE,57,05:36:31,06:47:41,11:11:00
751388,LIVPARE,58,05:39:00,06:49:00,11:00:00
751388,LIVANNE,59,05:39:11,06:49:22,11:01:01
751388,LIV18TE,60,05:39:34,06:49:45,11:01:01
751388,LIVCARE,61,05:40:09,06:50:09,11:00:00
751388,LIV22NE,62,05:40:26,06:50:37,11:01:01
751388,LIVCHAE,63,05:41:00,06:51:00,11:00:00
751388,LIVWILE,64,05:41:20,06:51:30,11:01:00
751388,LIVSTUE,65,05:41:04,06:52:05,11:10:01
751388,LIVKELE,66,05:42:00,06:53:00,11:10:00
751388,LIVBERE,67,05:42:14,06:53:25,11:11:01
751388,LIVBULE,68,05:43:18,06:54:18,11:10:00
751388,LIVRHOE,69,05:43:29,06:54:39,11:11:00
751388,LIVMEME,70,05:44:08,06:55:08,11:10:00
751388,LIVMAYE,71,05:45:06,06:56:07,11:10:01
751388,LIVCOLE,72,05:46:00,06:57:00,11:10:00
751388,LIVCASE,73,05:46:19,06:57:29,11:11:00
751388,LIVROOE,74,05:48:04,06:58:05,11:00:01
751388,LIVCHEE,75,05:48:19,06:58:29,11:01:00
751388,LIVBROE1,76,05:48:43,06:58:54,11:01:01
751388,LIVWELE,77,05:49:16,06:59:17,11:00:01
751388,LIVKELE1,78,05:49:25,06:59:36,11:01:01
751388,LIVJAME,79,06:00:00,07:00:00,10:00:00
751388,LIVZETE,80,06:00:34,07:00:45,10:01:01
751388,LIVBARE,81,06:01:12,07:01:23,10:01:01
751388,LIVCUNE,82,06:01:01,07:02:02,10:10:01
751388,LIVCOUE,83,06:01:42,07:02:53,10:11:01
751388,LIVBEEE,84,06:02:12,07:03:13,10:10:01
751388,LIVVILE,85,06:02:25,07:03:36,10:11:01
751388,LIVYEAE,86,06:03:11,07:04:11,10:10:00
751388,LIVBURE,87,06:03:42,07:04:53,10:11:01
751388,LIVGRAE,88,06:04:15,07:05:26,10:11:01
751388,LIVHAME,89,06:05:00,07:06:00,10:10:00
751388,LIVSHAE,90,06:05:35,07:06:46,10:11:01
751388,LIVLATE,91,06:06:16,07:07:27,10:11:01
751388,LIVNOEE,92,06:09:21,07:09:32,10:01:01
751388,LIVLONE,93,06:10:00,07:10:00,10:00:00
751388,LIVBAIE,94,06:11:18,07:11:28,10:01:00
751388,LIVQUAE,95,06:11:10,07:12:10,10:10:00
751388,LIVWALE,96,06:11:45,07:12:56,10:11:01
751388,LIVSARE,97,06:12:20,07:13:30,10:11:00
751388,LIVBRIE,98,06:13:31,07:14:41,10:11:00
751388,EASOFFE,99,06:15:06,07:16:07,10:10:01
751388,REYRIDSW,100,06:16:00,07:17:00,10:10:00
751389,PICBETS,1,05:08:00,06:08:00,10:00:00
751389,2425BET,2,05:08:42,06:08:53,10:01:01
751389,BETWOOE,3,05:09:24,06:09:35,10:01:01
751389,BETHEDE,4,05:10:16,06:10:17,10:00:01
751389,BETDIEE,5,05:11:00,06:11:00,10:00:00
751389,BETOLGE,6,05:11:26,06:11:37,10:01:01
751389,BETREEE,7,05:11:18,06:12:18,10:10:00
751389,BETPORE,8,05:11:48,06:12:58,10:11:00
751389,GODBETS,9,05:12:43,06:13:54,10:11:01
751389,GODLANSE,10,05:13:24,06:14:35,10:11:01
751389,GODCHEE,11,05:14:00,06:15:00,10:10:00
751389,KENWEYS,12,05:15:02,06:16:03,10:10:01
751389,KENMERS,13,05:15:30,06:16:40,10:11:00
751389,KENFOLS,14,05:16:21,06:17:31,10:11:00
751389,KENWINS,15,05:18:16,06:18:27,10:01:01
751389,KENPARS,16,05:19:13,06:19:14,10:00:01
751389,KENMCCS,17,05:10:00,06:20:00,11:00:00
751389,KENMILS,18,05:10:29,06:20:39,11:01:00
751389,KENRUES,19,05:11:33,06:21:44,11:01:01
751389,NORCLEE,20,05:11:18,06:22:28,11:11:00
751389,NORSHAE,21,05:11:42,06:22:53,11:11:01
751389,NORENTE,22,05:13:00,06:24:00,11:10:00
751389,OLEUNIS,23,05:15:04,06:26:05,11:10:01
751389,OLERIVS1,24,05:16:00,06:27:00,11:10:00
751389,OLEHARS2,25,05:16:36,06:27:47,11:11:01
751389,OLE2825S,26,05:18:06,06:28:07,11:00:01
751389,OLEACKS,27,05:18:36,06:28:47,11:01:01
751389,OLEARGS,28,05:19:22,06:29:33,11:01:01
751389,LANOLEE,29,05:20:26,06:30:37,11:01:01
751389,LANTUTE,30,05:21:19,06:31:29,11:01:00
751389,LANNEIE,31,05:21:00,06:32:00,11:10:00
751389,HIGLANS,32,05:22:13,06:33:24,11:11:01
751389,HIG18TS,33,05:23:13,06:34:24,11:11:01
751389,HIG15TS,34,05:24:12,06:35:23,11:11:01
751389,HIG13TS,35,05:25:09,06:36:09,11:10:00
751389,HIGCHIS,36,05:26:00,06:37:00,11:10:00
751389,HIG10TS,37,05:26:44,06:37:55,11:11:01
751389,NHIGMCMS,38,05:29:09,06:39:09,11:00:00
751389,HIGCLAS,39,05:30:00,06:40:00,11:00:00
751389,HIG5THS,40,05:31:00,06:41:00,11:00:00
751389,HIG4THS,41,05:31:23,06:41:34,11:01:01
751389,NHIW2S,42,05:31:22,06:42:33,11:11:01
751389,HIGHUBS,43,05:32:26,06:43:37,11:11:01
751389,HIGRUSS,44,05:33:30,06:44:40,11:11:00
751389,HIGSWANS,45,05:34:11,06:45:22,11:11:01
751389,HIGOHIS,46,05:35:18,06:46:18,11:10:00
751389,HIGNATS,47,05:36:00,06:47:00,11:10:00
751389,HIGLONS,48,05:38:00,06:48:00,11:00:00
751389,HIGBROS,49,05:40:00,06:50:00,11:00:00
751389,HIGSTAS,50,05:41:16,06:51:27,11:01:01
751389,HIGTOWS,51,05:41:31,06:52:42,11:11:01
751389,HIGMAIS2,52,05:43:09,06:54:09,11:10:00
751389,HIGMOUS,53,05:44:00,06:55:00,11:10:00
751389,LIV3RDE,54,05:45:01,06:56:01,11:10:00
751389,LIV4THE,55,05:45:35,06:56:46,11:11:01
751389,LIV6THE,56,05:46:15,06:57:16,11:10:01
751389,LIVGRANE,57,05:46:31,06:57:41,11:11:00
751389,LIVPARE,58,05:49:00,06:59:00,11:00:00
751389,LIVANNE,59,05:49:11,06:59:22,11:01:01
751389,LIV18TE,60,05:49:34,06:59:45,11:01:01
751389,LIVCARE,61,06:00:09,07:00:09,10:00:00
751389,LIV22NE,62,06:00:26,07:00:37,10:01:01
751389,LIVCHAE,63,06:01:00,07:01:00,10:00:00
751389,LIVWILE,64,06:01:20,07:01:30,10:01:00
751389,LIVSTUE,65,06:01:04,07:02:05,10:10:01
751389,LIVKELE,66,06:02:00,07:03:00,10:10:00
751389,LIVBERE,67,06:02:14,07:03:25,10:11:01
751389,LIVBULE,68,06:03:18,07:04:18,10:10:00
751389,LIVRHOE,69,06:03:29,07:04:39,10:11:00
751389,LIVMEME,70,06:04:08,07:05:08,10:10:00
751389,LIVMAYE,71,06:05:06,07:06:07,10:10:01
751389,LIVCOLE,72,06:06:00,07:07:00,10:10:00
751389,LIVCASE,73,06:06:19,07:07:29,10:11:00
751389,LIVROOE,74,06:08:04,07:08:05,10:00:01
751389,LIVCHEE,75,06:08:19,07:08:29,10:01:00
751389,LIVBROE1,76,06:08:43,07:08:54,10:01:01
751389,LIVWELE,77,06:09:16,07:09:17,10:00:01
751389,LIVKELE1,78,06:09:25,07:09:36,10:01:01
751389,LIVJAME,79,06:10:00,07:10:00,10:00:00
751389,LIVZETE,80,06:10:34,07:10:45,10:01:01
751389,LIVBARE,81,06:11:12,07:11:23,10:01:01
751389,LIVCUNE,82,06:11:01,07:12:02,10:10:01
751389,LIVCOUE,83,06:11:42,07:12:53,10:11:01
751389,LIVBEEE,84,06:12:12,07:13:13,10:10:01
751389,LIVVILE,85,06:12:25,07:13:36,10:11:01
751389,LIVYEAE,86,06:13:11,07:14:11,10:10:00
751389,LIVBURE,87,06:13:42,07:14:53,10:11:01
751389,LIVGRAE,88,06:14:15,07:15:26,10:11:01
751389,LIVHAME,89,06:15:00,07:16:00,10:10:00
751389,LIVSHAE,90,06:15:35,07:16:46,10:11:01
751389,LIVLATE,91,06:16:16,07:17:27,10:11:01
751389,LIVNOEE,92,06:19:21,07:19:32,10:01:01
751389,LIVLONE,93,06:10:00,07:20:00,11:00:00
751389,LIVBAIE,94,06:11:18,07:21:28,11:01:00
751389,LIVQUAE,95,06:11:10,07:22:10,11:10:00
751389,LIVWALE,96,06:11:45,07:22:56,11:11:01
751389,LIVSARE,97,06:12:20,07:23:30,11:11:00
751389,LIVBRIE,98,06:13:31,07:24:41,11:11:00
751389,EASOFFE,99,06:15:06,07:26:07,11:10:01
751389,REYRIDSW,100,06:16:00,07:27:00,11:10:00
751390,PICBETS,1,05:18:00,06:18:00,10:00:00
751390,2425BET,2,05:18:42,06:18:53,10:01:01
751390,BETWOOE,3,05:19:24,06:19:35,10:01:01
751390,BETHEDE,4,05:10:16,06:20:17,11:00:01
751390,BETDIEE,5,05:11:00,06:21:00,11:00:00
751390,BETOLGE,6,05:11:26,06:21:37,11:01:01
751390,BETREEE,7,05:11:18,06:22:18,11:10:00
751390,BETPORE,8,05:11:48,06:22:58,11:11:00
751390,GODBETS,9,05:12:43,06:23:54,11:11:01
751390,GODLANSE,10,05:13:24,06:24:35,11:11:01
751390,GODCHEE,11,05:14:00,06:25:00,11:10:00
751390,KENWEYS,12,05:15:02,06:26:03,11:10:01
751390,KENMERS,13,05:15:30,06:26:40,11:11:00
751390,KENFOLS,14,05:16:21,06:27:31,11:11:00
751390,KENWINS,15,05:18:16,06:28:27,11:01:01
751390,KENPARS,16,05:19:13,06:29:14,11:00:01
751390,KENMCCS,17,05:20:00,06:30:00,11:00:00
751390,KENMILS,18,05:20:29,06:30:39,11:01:00
751390,KENRUES,19,05:21:33,06:31:44,11:01:01
751390,NORCLEE,20,05:21:18,06:32:28,11:11:00
751390,NORSHAE,21,05:21:42,06:32:53,11:11:01
751390,NORENTE,22,05:23:00,06:34:00,11:10:00
751390,OLEUNIS,23,05:25:04,06:36:05,11:10:01
751390,OLERIVS1,24,05:26:00,06:37:00,11:10:00
751390,OLEHARS2,25,05:26:36,06:37:47,11:11:01
751390,OLE2825S,26,05:28:06,06:38:07,11:00:01
751390,OLEACKS,27,05:28:36,06:38:47,11:01:01
751390,OLEARGS,28,05:29:22,06:39:33,11:01:01
751390,LANOLEE,29,05:30:26,06:40:37,11:01:01
751390,LANTUTE,30,05:31:19,06:41:29,11:01:00
751390,LANNEIE,31,05:31:00,06:42:00,11:10:00
751390,HIGLANS,32,05:32:13,06:43:24,11:11:01
751390,HIG18TS,33,05:33:13,06:44:24,11:11:01
751390,HIG15TS,34,05:34:12,06:45:23,11:11:01
751390,HIG13TS,35,05:35:09,06:46:09,11:10:00
751390,HIGCHIS,36,05:36:00,06:47:00,11:10:00
751390,HIG10TS,37,05:36:44,06:47:55,11:11:01
751390,NHIGMCMS,38,05:39:09,06:49:09,11:00:00
751390,HIGCLAS,39,05:40:00,06:50:00,11:00:00
751390,HIG5THS,40,05:41:00,06:51:00,11:00:00
751390,HIG4THS,41,05:41:23,06:51:34,11:01:01
751390,NHIW2S,42,05:41:22,06:52:33,11:11:01
751390,HIGHUBS,43,05:42:26,06:53:37,11:11:01
751390,HIGRUSS,44,05:43:30,06:54:40,11:11:00
751390,HIGSWANS,45,05:44:11,06:55:22,11:11:01
751390,HIGOHIS,46,05:45:18,06:56:18,11:10:00
751390,HIGNATS,47,05:46:00,06:57:00,11:10:00
751390,HIGLONS,48,05:48:00,06:58:00,11:00:00
751390,HIGBROS,49,06:00:00,07:00:00,10:00:00
751390,HIGSTAS,50,06:01:16,07:01:27,10:01:01
751390,HIGTOWS,51,06:01:31,07:02:42,10:11:01
751390,HIGMAIS2,52,06:03:09,07:04:09,10:10:00
751390,HIGMOUS,53,06:04:00,07:05:00,10:10:00
751390,LIV3RDE,54,06:05:01,07:06:01,10:10:00
751390,LIV4THE,55,06:05:35,07:06:46,10:11:01
751390,LIV6THE,56,06:06:15,07:07:16,10:10:01
751390,LIVGRANE,57,06:06:31,07:07:41,10:11:00
751390,LIVPARE,58,06:09:00,07:09:00,10:00:00
751390,LIVANNE,59,06:09:11,07:09:22,10:01:01
751390,LIV18TE,60,06:09:34,07:09:45,10:01:01
751390,LIVCARE,61,06:10:09,07:10:09,10:00:00
751390,LIV22NE,62,06:10:26,07:10:37,10:01:01
751390,LIVCHAE,63,06:11:00,07:11:00,10:00:00
751390,LIVWILE,64,06:11:20,07:11:30,10:01:00
751390,LIVSTUE,65,06:11:04,07:12:05,10:10:01
751390,LIVKELE,66,06:12:00,07:13:00,10:10:00
751390,LIVBERE,67,06:12:14,07:13:25,10:11:01
751390,LIVBULE,68,06:13:18,07:14:18,10:10:00
751390,LIVRHOE,69,06:13:29,07:14:39,10:11:00
751390,LIVMEME,70,06:14:08,07:15:08,10:10:00
751390,LIVMAYE,71,06:15:06,07:16:07,10:10:01
751390,LIVCOLE,72,06:16:00,07:17:00,10:10:00
751390,LIVCASE,73,06:16:19,07:17:29,10:11:00
751390,LIVROOE,74,06:18:04,07:18:05,10:00:01
751390,LIVCHEE,75,06:18:19,07:18:29,10:01:00
751390,LIVBROE1,76,06:18:43,07:18:54,10:01:01
751390,LIVWELE,77,06:19:16,07:19:17,10:00:01
751390,LIVKELE1,78,06:19:25,07:19:36,10:01:01
751390,LIVJAME,79,06:10:00,07:20:00,11:00:00
751390,LIVZETE,80,06:10:34,07:20:45,11:01:01
751390,LIVBARE,81,06:11:12,07:21:23,11:01:01
751390,LIVCUNE,82,06:11:01,07:22:02,11:10:01
751390,LIVCOUE,83,06:11:42,07:22:53,11:11:01
751390,LIVBEEE,84,06:12:12,07:23:13,11:10:01
751390,LIVVILE,85,06:12:25,07:23:36,11:11:01
751390,LIVYEAE,86,06:13:11,07:24:11,11:10:00
751390,LIVBURE,87,06:13:42,07:24:53,11:11:01
751390,LIVGRAE,88,06:14:15,07:25:26,11:11:01
751390,LIVHAME,89,06:15:00,07:26:00,11:10:00
751390,LIVSHAE,90,06:15:35,07:26:46,11:11:01
751390,LIVLATE,91,06:16:16,07:27:27,11:11:01
751390,LIVNOEE,92,06:19:21,07:29:32,11:01:01
751390,LIVLONE,93,06:20:00,07:30:00,11:00:00
751390,LIVBAIE,94,06:21:18,07:31:28,11:01:00
751390,LIVQUAE,95,06:21:10,07:32:10,11:10:00
751390,LIVWALE,96,06:21:45,07:32:56,11:11:01
751390,LIVSARE,97,06:22:20,07:33:30,11:11:00
751390,LIVBRIE,98,06:23:31,07:34:41,11:11:00
751390,EASOFFE,99,06:25:06,07:36:07,11:10:01
751390,REYRIDSW,100,06:26:00,07:37:00,11:10:00
